GO:0000015	phosphopyruvate hydratase complex
GO:0000109	nucleotide-excision repair complex
GO:0000110	nucleotide-excision repair factor 1 complex
GO:0000111	nucleotide-excision repair factor 2 complex
GO:0000112	nucleotide-excision repair factor 3 complex
GO:0000113	nucleotide-excision repair factor 4 complex
GO:0000118	histone deacetylase complex
GO:0000120	RNA polymerase I transcription regulator complex
GO:0000123	histone acetyltransferase complex
GO:0000124	SAGA complex
GO:0000125	PCAF complex
GO:0000126	transcription factor TFIIIB complex
GO:0000127	transcription factor TFIIIC complex
GO:0000133	polarisome
GO:0000136	mannan polymerase complex
GO:0000145	exocyst
GO:0000148	1,3-beta-D-glucan synthase complex
GO:0000151	ubiquitin ligase complex
GO:0000152	nuclear ubiquitin ligase complex
GO:0000153	cytoplasmic ubiquitin ligase complex
GO:0000159	protein phosphatase type 2A complex
GO:0000164	protein phosphatase type 1 complex
GO:0000172	ribonuclease MRP complex
GO:0000176	nuclear exosome (RNase complex)
GO:0000177	cytoplasmic exosome (RNase complex)
GO:0000178	exosome (RNase complex)
GO:0000214	tRNA-intron endonuclease complex
GO:0000220	vacuolar proton-transporting V-type ATPase, V0 domain
GO:0000221	vacuolar proton-transporting V-type ATPase, V1 domain
GO:0000222	plasma membrane proton-transporting V-type ATPase, V0 domain
GO:0000223	plasma membrane proton-transporting V-type ATPase, V1 domain
GO:0000243	commitment complex
GO:0000274	mitochondrial proton-transporting ATP synthase, stator stalk
GO:0000275	mitochondrial proton-transporting ATP synthase complex, catalytic sector F(1)
GO:0000276	mitochondrial proton-transporting ATP synthase complex, coupling factor F(o)
GO:0000307	cyclin-dependent protein kinase holoenzyme complex
GO:0000308	cytoplasmic cyclin-dependent protein kinase holoenzyme complex
GO:0000311	plastid large ribosomal subunit
GO:0000312	plastid small ribosomal subunit
GO:0000314	organellar small ribosomal subunit
GO:0000315	organellar large ribosomal subunit
GO:0000333	telomerase catalytic core complex
GO:0000343	plastid-encoded plastid RNA polymerase complex A
GO:0000344	plastid-encoded plastid RNA polymerase complex B
GO:0000345	cytosolic DNA-directed RNA polymerase complex
GO:0000346	transcription export complex
GO:0000347	THO complex
GO:0000408	EKC/KEOPS complex
GO:0000417	HIR complex
GO:0000418	RNA polymerase IV complex
GO:0000419	RNA polymerase V complex
GO:0000427	plastid-encoded plastid RNA polymerase complex
GO:0000428	DNA-directed RNA polymerase complex
GO:0000438	core TFIIH complex portion of holo TFIIH complex
GO:0000439	transcription factor TFIIH core complex
GO:0000440	core TFIIH complex portion of NEF3 complex
GO:0000444	MIS12/MIND type complex
GO:0000445	THO complex part of transcription export complex
GO:0000446	nucleoplasmic THO complex
GO:0000500	RNA polymerase I upstream activating factor complex
GO:0000502	proteasome complex
GO:0000506	glycosylphosphatidylinositol-N-acetylglucosaminyltransferase (GPI-GnT) complex
GO:0000782	telomere cap complex
GO:0000783	nuclear telomere cap complex
GO:0000786	nucleosome
GO:0000787	cytoplasmic nucleosome
GO:0000788	nuclear nucleosome
GO:0000796	condensin complex
GO:0000797	condensin core heterodimer
GO:0000798	nuclear cohesin complex
GO:0000799	nuclear condensin complex
GO:0000808	origin recognition complex
GO:0000809	cytoplasmic origin of replication recognition complex
GO:0000811	GINS complex
GO:0000812	Swr1 complex
GO:0000813	ESCRT I complex
GO:0000814	ESCRT II complex
GO:0000815	ESCRT III complex
GO:0000817	COMA complex
GO:0000818	nuclear MIS12/MIND complex
GO:0000835	ER ubiquitin ligase complex
GO:0000836	Hrd1p ubiquitin ligase complex
GO:0000837	Doa10p ubiquitin ligase complex
GO:0000838	Hrd1p ubiquitin ligase ERAD-M complex
GO:0000839	Hrd1p ubiquitin ligase ERAD-L complex
GO:0000924	gamma-tubulin ring complex, centrosomal
GO:0000927	gamma-tubulin small complex, centrosomal
GO:0000928	gamma-tubulin small complex, spindle pole body
GO:0000930	gamma-tubulin complex
GO:0000931	gamma-tubulin large complex
GO:0000938	GARP complex
GO:0000939	condensed chromosome inner kinetochore
GO:0000940	condensed chromosome outer kinetochore
GO:0000941	condensed nuclear chromosome inner kinetochore
GO:0000942	condensed nuclear chromosome outer kinetochore
GO:0000974	Prp19 complex
GO:0001114	protein-DNA-RNA complex
GO:0001401	SAM complex
GO:0001405	PAM complex, Tim23 associated import motor
GO:0001518	voltage-gated sodium channel complex
GO:0001534	radial spoke
GO:0001535	radial spoke head
GO:0001536	radial spoke stalk
GO:0002095	caveolar macromolecular signaling complex
GO:0002096	polkadots
GO:0002111	BRCA2-BRAF35 complex
GO:0002116	semaphorin receptor complex
GO:0002133	polycystin complex
GO:0002142	stereocilia ankle link complex
GO:0002144	cytosolic tRNA wobble base thiouridylase complex
GO:0002167	VRK3/VHR/ERK complex
GO:0002169	3-methylcrotonyl-CoA carboxylase complex, mitochondrial
GO:0002178	palmitoyltransferase complex
GO:0002179	homodimeric serine palmitoyltransferase complex
GO:0002180	5-lipoxygenase complex
GO:0002185	creatine kinase complex
GO:0002186	cytosolic creatine kinase complex
GO:0002187	mitochondrial creatine kinase complex
GO:0002189	ribose phosphate diphosphokinase complex
GO:0002193	MAML1-RBP-Jkappa- ICN1 complex
GO:0002197	xanthine dehydrogenase complex
GO:0002199	zona pellucida receptor complex
GO:0002929	MECO complex
GO:0002944	cyclin K-CDK12 complex
GO:0002945	cyclin K-CDK13 complex
GO:0002947	tumor necrosis factor receptor superfamily complex
GO:0005577	fibrinogen complex
GO:0005579	membrane attack complex
GO:0005581	collagen trimer
GO:0005582	collagen type XV trimer
GO:0005583	fibrillar collagen trimer
GO:0005584	collagen type I trimer
GO:0005585	collagen type II trimer
GO:0005586	collagen type III trimer
GO:0005587	collagen type IV trimer
GO:0005588	collagen type V trimer
GO:0005589	collagen type VI trimer
GO:0005590	collagen type VII trimer
GO:0005591	collagen type VIII trimer
GO:0005592	collagen type XI trimer
GO:0005593	FACIT collagen trimer
GO:0005594	collagen type IX trimer
GO:0005595	collagen type XII trimer
GO:0005596	collagen type XIV trimer
GO:0005597	collagen type XVI trimer
GO:0005598	short-chain collagen trimer
GO:0005599	collagen type X trimer
GO:0005600	collagen type XIII trimer
GO:0005601	classical-complement-pathway C3/C5 convertase complex
GO:0005602	complement component C1 complex
GO:0005606	laminin-1 complex
GO:0005607	laminin-2 complex
GO:0005608	laminin-3 complex
GO:0005609	laminin-4 complex
GO:0005610	laminin-5 complex
GO:0005611	laminin-6 complex
GO:0005612	laminin-7 complex
GO:0005616	larval serum protein complex
GO:0005643	nuclear pore
GO:0005655	nucleolar ribonuclease P complex
GO:0005656	nuclear pre-replicative complex
GO:0005658	alpha DNA polymerase:primase complex
GO:0005662	DNA replication factor A complex
GO:0005663	DNA replication factor C complex
GO:0005664	nuclear origin of replication recognition complex
GO:0005665	RNA polymerase II, core complex
GO:0005666	RNA polymerase III complex
GO:0005667	transcription regulator complex
GO:0005668	RNA polymerase transcription factor SL1 complex
GO:0005669	transcription factor TFIID complex
GO:0005671	Ada2/Gcn5/Ada3 transcription activator complex
GO:0005672	transcription factor TFIIA complex
GO:0005673	transcription factor TFIIE complex
GO:0005674	transcription factor TFIIF complex
GO:0005675	transcription factor TFIIH holo complex
GO:0005677	chromatin silencing complex
GO:0005680	anaphase-promoting complex
GO:0005681	spliceosomal complex
GO:0005682	U5 snRNP
GO:0005683	U7 snRNP
GO:0005684	U2-type spliceosomal complex
GO:0005685	U1 snRNP
GO:0005686	U2 snRNP
GO:0005687	U4 snRNP
GO:0005688	U6 snRNP
GO:0005689	U12-type spliceosomal complex
GO:0005690	U4atac snRNP
GO:0005691	U6atac snRNP
GO:0005692	U11 snRNP
GO:0005693	U12 snRNP
GO:0005697	telomerase holoenzyme complex
GO:0005732	small nucleolar ribonucleoprotein complex
GO:0005736	RNA polymerase I complex
GO:0005742	mitochondrial outer membrane translocase complex
GO:0005744	TIM23 mitochondrial import inner membrane translocase complex
GO:0005745	m-AAA complex
GO:0005747	mitochondrial respiratory chain complex I
GO:0005749	mitochondrial respiratory chain complex II, succinate dehydrogenase complex (ubiquinone)
GO:0005750	mitochondrial respiratory chain complex III
GO:0005751	mitochondrial respiratory chain complex IV
GO:0005753	mitochondrial proton-transporting ATP synthase complex
GO:0005754	mitochondrial proton-transporting ATP synthase, catalytic core
GO:0005756	mitochondrial proton-transporting ATP synthase, central stalk
GO:0005757	mitochondrial permeability transition pore complex
GO:0005760	gamma DNA polymerase complex
GO:0005762	mitochondrial large ribosomal subunit
GO:0005763	mitochondrial small ribosomal subunit
GO:0005784	Sec61 translocon complex
GO:0005785	signal recognition particle receptor complex
GO:0005786	signal recognition particle, endoplasmic reticulum targeting
GO:0005787	signal peptidase complex
GO:0005831	steroid hormone aporeceptor complex
GO:0005832	chaperonin-containing T-complex
GO:0005833	hemoglobin complex
GO:0005834	heterotrimeric G-protein complex
GO:0005835	fatty acid synthase complex
GO:0005836	fatty-acyl-CoA synthase complex
GO:0005838	proteasome regulatory particle
GO:0005839	proteasome core complex
GO:0005844	polysome
GO:0005845	mRNA cap binding complex
GO:0005846	nuclear cap binding complex
GO:0005847	mRNA cleavage and polyadenylation specificity factor complex
GO:0005848	mRNA cleavage stimulating factor complex
GO:0005849	mRNA cleavage factor complex
GO:0005850	eukaryotic translation initiation factor 2 complex
GO:0005851	eukaryotic translation initiation factor 2B complex
GO:0005852	eukaryotic translation initiation factor 3 complex
GO:0005853	eukaryotic translation elongation factor 1 complex
GO:0005854	nascent polypeptide-associated complex
GO:0005858	axonemal dynein complex
GO:0005859	muscle myosin complex
GO:0005861	troponin complex
GO:0005862	muscle thin filament tropomyosin
GO:0005868	cytoplasmic dynein complex
GO:0005869	dynactin complex
GO:0005870	actin capping protein of dynactin complex
GO:0005871	kinesin complex
GO:0005872	minus-end kinesin complex
GO:0005873	plus-end kinesin complex
GO:0005875	microtubule associated complex
GO:0005885	Arp2/3 protein complex
GO:0005889	potassium:proton exchanging ATPase complex
GO:0005890	sodium:potassium-exchanging ATPase complex
GO:0005891	voltage-gated calcium channel complex
GO:0005892	acetylcholine-gated channel complex
GO:0005893	interleukin-2 receptor complex
GO:0005894	interleukin-3 receptor complex
GO:0005895	interleukin-5 receptor complex
GO:0005896	interleukin-6 receptor complex
GO:0005897	interleukin-9 receptor complex
GO:0005898	interleukin-13 receptor complex
GO:0005899	insulin receptor complex
GO:0005900	oncostatin-M receptor complex
GO:0005922	connexin complex
GO:0005931	axonemal nexin link
GO:0005942	phosphatidylinositol 3-kinase complex
GO:0005943	phosphatidylinositol 3-kinase complex, class IA
GO:0005944	phosphatidylinositol 3-kinase complex, class IB
GO:0005945	6-phosphofructokinase complex
GO:0005946	alpha,alpha-trehalose-phosphate synthase complex (UDP-forming)
GO:0005947	mitochondrial alpha-ketoglutarate dehydrogenase complex
GO:0005948	acetolactate synthase complex
GO:0005950	anthranilate synthase complex
GO:0005951	carbamoyl-phosphate synthase complex
GO:0005952	cAMP-dependent protein kinase complex
GO:0005953	CAAX-protein geranylgeranyltransferase complex
GO:0005954	calcium- and calmodulin-dependent protein kinase complex
GO:0005955	calcineurin complex
GO:0005956	protein kinase CK2 complex
GO:0005958	DNA-dependent protein kinase-DNA ligase 4 complex
GO:0005960	glycine cleavage complex
GO:0005962	mitochondrial isocitrate dehydrogenase complex (NAD+)
GO:0005963	magnesium-dependent protein serine/threonine phosphatase complex
GO:0005964	phosphorylase kinase complex
GO:0005965	protein farnesyltransferase complex
GO:0005966	cyclic-nucleotide phosphodiesterase complex
GO:0005967	mitochondrial pyruvate dehydrogenase complex
GO:0005968	Rab-protein geranylgeranyltransferase complex
GO:0005969	serine-pyruvate aminotransferase complex
GO:0005971	ribonucleoside-diphosphate reductase complex
GO:0008023	transcription elongation factor complex
GO:0008024	cyclin/CDK positive transcription elongation factor complex
GO:0008043	intracellular ferritin complex
GO:0008074	guanylate cyclase complex, soluble
GO:0008076	voltage-gated potassium channel complex
GO:0008087	light-activated voltage-gated calcium channel complex
GO:0008091	spectrin
GO:0008180	COP9 signalosome
GO:0008230	ecdysone receptor holocomplex
GO:0008231	repressor ecdysone receptor complex
GO:0008232	activator ecdysone receptor complex
GO:0008247	1-alkyl-2-acetylglycerophosphocholine esterase complex
GO:0008250	oligosaccharyltransferase complex
GO:0008274	gamma-tubulin ring complex
GO:0008275	gamma-tubulin small complex
GO:0008278	cohesin complex
GO:0008282	inward rectifying potassium channel
GO:0008287	protein serine/threonine phosphatase complex
GO:0008290	F-actin capping protein complex
GO:0008303	caspase complex
GO:0008305	integrin complex
GO:0008328	ionotropic glutamate receptor complex
GO:0008352	katanin complex
GO:0008385	IkappaB kinase complex
GO:0008537	proteasome activator complex
GO:0008540	proteasome regulatory particle, base subcomplex
GO:0008541	proteasome regulatory particle, lid subcomplex
GO:0008622	epsilon DNA polymerase complex
GO:0008623	CHRAC
GO:0009316	3-isopropylmalate dehydratase complex
GO:0009317	acetyl-CoA carboxylase complex
GO:0009318	exodeoxyribonuclease VII complex
GO:0009319	cytochrome o ubiquinol oxidase complex
GO:0009320	phosphoribosylaminoimidazole carboxylase complex
GO:0009321	alkyl hydroperoxide reductase complex
GO:0009322	trimethylamine-N-oxide reductase complex
GO:0009323	ribosomal-protein-alanine N-acetyltransferase complex
GO:0009324	D-amino-acid dehydrogenase complex
GO:0009325	nitrate reductase complex
GO:0009326	formate dehydrogenase complex
GO:0009327	NAD(P)+ transhydrogenase complex (AB-specific)
GO:0009328	phenylalanine-tRNA ligase complex
GO:0009329	acetate CoA-transferase complex
GO:0009330	DNA topoisomerase type II (double strand cut, ATP-hydrolyzing) complex
GO:0009331	glycerol-3-phosphate dehydrogenase complex
GO:0009332	glutamate-tRNA ligase complex
GO:0009333	cysteine synthase complex
GO:0009334	3-phenylpropionate dioxygenase complex
GO:0009336	sulfate adenylyltransferase complex (ATP)
GO:0009337	sulfite reductase complex (NADPH)
GO:0009338	exodeoxyribonuclease V complex
GO:0009339	glycolate oxidase complex
GO:0009340	DNA topoisomerase IV complex
GO:0009341	beta-galactosidase complex
GO:0009342	glutamate synthase complex (NADPH)
GO:0009343	biotin carboxylase complex
GO:0009344	nitrite reductase complex [NAD(P)H]
GO:0009345	glycine-tRNA ligase complex
GO:0009346	citrate lyase complex
GO:0009347	aspartate carbamoyltransferase complex
GO:0009348	ornithine carbamoyltransferase complex
GO:0009349	riboflavin synthase complex
GO:0009350	ethanolamine ammonia-lyase complex
GO:0009353	mitochondrial oxoglutarate dehydrogenase complex
GO:0009355	DNA polymerase V complex
GO:0009356	aminodeoxychorismate synthase complex
GO:0009357	protein-N(PI)-phosphohistidine-sugar phosphotransferase complex
GO:0009358	polyphosphate kinase complex
GO:0009359	type II site-specific deoxyribonuclease complex
GO:0009360	DNA polymerase III complex
GO:0009361	succinate-CoA ligase complex (ADP-forming)
GO:0009365	protein histidine kinase complex
GO:0009366	enterobactin synthetase complex
GO:0009368	endopeptidase Clp complex
GO:0009375	ferredoxin hydrogenase complex
GO:0009376	HslUV protease complex
GO:0009379	Holliday junction helicase complex
GO:0009380	excinuclease repair complex
GO:0009382	imidazoleglycerol-phosphate synthase complex
GO:0009390	dimethyl sulfoxide reductase complex
GO:0009503	thylakoid light-harvesting complex
GO:0009512	cytochrome b6f complex
GO:0009517	PSII associated light-harvesting complex II
GO:0009518	PSI associated light-harvesting complex I
GO:0009521	photosystem
GO:0009522	photosystem I
GO:0009523	photosystem II
GO:0009538	photosystem I reaction center
GO:0009539	photosystem II reaction center
GO:0009544	chloroplast ATP synthase complex
GO:0009573	chloroplast ribulose bisphosphate carboxylase complex
GO:0009654	photosystem II oxygen evolving complex
GO:0009655	PSII associated light-harvesting complex II, core complex
GO:0009656	PSII associated light-harvesting complex II, peripheral complex
GO:0009782	photosystem I antenna complex
GO:0009783	photosystem II antenna complex
GO:0009840	chloroplastic endopeptidase Clp complex
GO:0009841	mitochondrial endopeptidase Clp complex
GO:0009921	auxin efflux carrier complex
GO:0009923	fatty acid elongase complex
GO:0010006	Toc complex
GO:0010007	magnesium chelatase complex
GO:0010169	thioglucosidase complex
GO:0010170	glucose-1-phosphate adenylyltransferase complex
GO:0010240	plastid pyruvate dehydrogenase complex
GO:0010278	chloroplast outer membrane translocon
GO:0010316	pyrophosphate-dependent phosphofructokinase complex
GO:0010317	pyrophosphate-dependent phosphofructokinase complex, alpha-subunit complex
GO:0010318	pyrophosphate-dependent phosphofructokinase complex, beta-subunit complex
GO:0010330	cellulose synthase complex
GO:0010367	extracellular isoamylase complex
GO:0010368	chloroplast isoamylase complex
GO:0010598	NAD(P)H dehydrogenase complex (plastoquinone)
GO:0015050	methane monooxygenase complex
GO:0015627	type II protein secretion system complex
GO:0015934	large ribosomal subunit
GO:0015935	small ribosomal subunit
GO:0016010	dystrophin-associated glycoprotein complex
GO:0016011	dystroglycan complex
GO:0016012	sarcoglycan complex
GO:0016013	syntrophin complex
GO:0016014	dystrobrevin complex
GO:0016027	inaD signaling complex
GO:0016035	zeta DNA polymerase complex
GO:0016222	procollagen-proline 4-dioxygenase complex
GO:0016272	prefoldin complex
GO:0016281	eukaryotic translation initiation factor 4F complex
GO:0016282	eukaryotic 43S preinitiation complex
GO:0016342	catenin complex
GO:0016442	RISC complex
GO:0016456	X chromosome located dosage compensation complex, transcription activating
GO:0016459	myosin complex
GO:0016460	myosin II complex
GO:0016461	unconventional myosin complex
GO:0016465	chaperonin ATPase complex
GO:0016469	proton-transporting two-sector ATPase complex
GO:0016471	vacuolar proton-transporting V-type ATPase complex
GO:0016472	sodium ion-transporting two-sector ATPase complex
GO:0016473	sodium ion-transporting F-type ATPase complex
GO:0016474	sodium ion-transporting V-type ATPase complex
GO:0016507	mitochondrial fatty acid beta-oxidation multienzyme complex
GO:0016513	core-binding factor complex
GO:0016514	SWI/SNF complex
GO:0016516	interleukin-4 receptor complex
GO:0016533	protein kinase 5 complex
GO:0016580	Sin3 complex
GO:0016581	NuRD complex
GO:0016586	RSC-type complex
GO:0016587	Isw1 complex
GO:0016589	NURF complex
GO:0016590	ACF complex
GO:0016591	RNA polymerase II, holoenzyme
GO:0016592	mediator complex
GO:0016593	Cdc73/Paf1 complex
GO:0016600	flotillin complex
GO:0016602	CCAAT-binding factor complex
GO:0016610	nitrogenase complex
GO:0016611	iron-iron nitrogenase complex
GO:0016612	molybdenum-iron nitrogenase complex
GO:0016613	vanadium-iron nitrogenase complex
GO:0016914	follicle-stimulating hormone complex
GO:0016935	glycine-gated chloride channel complex
GO:0016938	kinesin I complex
GO:0016939	kinesin II complex
GO:0016942	insulin-like growth factor binding protein complex
GO:0017023	myosin phosphatase complex
GO:0017053	transcription repressor complex
GO:0017054	negative cofactor 2 complex
GO:0017059	serine C-palmitoyltransferase complex
GO:0017071	intracellular cyclic nucleotide activated cation channel complex
GO:0017086	3-methyl-2-oxobutanoate dehydrogenase (lipoamide) complex
GO:0017087	mitochondrial processing peptidase complex
GO:0017090	meprin A complex
GO:0017101	aminoacyl-tRNA synthetase multienzyme complex
GO:0017102	methionyl glutamyl tRNA synthetase complex
GO:0017109	glutamate-cysteine ligase complex
GO:0017117	single-stranded DNA-dependent ATP-dependent DNA helicase complex
GO:0017119	Golgi transport complex
GO:0017122	protein N-acetylglucosaminyltransferase complex
GO:0017133	mitochondrial electron transfer flavoprotein complex
GO:0017146	NMDA selective glutamate receptor complex
GO:0017177	glucosidase II complex
GO:0018444	translation release factor complex
GO:0019005	SCF ubiquitin ligase complex
GO:0019008	molybdopterin synthase complex
GO:0019035	viral integration complex
GO:0019036	viral transcriptional complex
GO:0019183	histamine-gated chloride channel complex
GO:0019185	snRNA-activating protein complex
GO:0019197	phosphoenolpyruvate-dependent sugar phosphotransferase complex
GO:0019773	proteasome core complex, alpha-subunit complex
GO:0019774	proteasome core complex, beta-subunit complex
GO:0019812	type I site-specific deoxyribonuclease complex
GO:0019813	type III site-specific deoxyribonuclease complex
GO:0019814	immunoglobulin complex
GO:0019815	B cell receptor complex
GO:0019907	cyclin-dependent protein kinase activating kinase holoenzyme complex
GO:0019908	nuclear cyclin-dependent protein kinase holoenzyme complex
GO:0019910	mitochondrial pyruvate dehydrogenase (lipoamide) phosphatase complex
GO:0022623	proteasome-activating nucleotidase complex
GO:0022624	proteasome accessory complex
GO:0022625	cytosolic large ribosomal subunit
GO:0022627	cytosolic small ribosomal subunit
GO:0022628	chloroplast large ribosomal subunit
GO:0022629	chloroplast small ribosomal subunit
GO:0030008	TRAPP complex
GO:0030014	CCR4-NOT complex
GO:0030015	CCR4-NOT core complex
GO:0030062	mitochondrial tricarboxylic acid cycle enzyme complex
GO:0030076	light-harvesting complex
GO:0030077	plasma membrane light-harvesting complex
GO:0030078	light-harvesting complex, core complex
GO:0030079	light-harvesting complex, peripheral complex
GO:0030080	B875 antenna complex
GO:0030081	B800-820 antenna complex
GO:0030082	B800-850 antenna complex
GO:0030083	PSI associated light-harvesting complex I, LHCIa subcomplex
GO:0030084	PSI associated light-harvesting complex I, LHCIb subcomplex
GO:0030085	PSII associated light-harvesting complex II, peripheral complex, LHCIIb subcomplex
GO:0030089	phycobilisome
GO:0030093	chloroplast photosystem I
GO:0030094	plasma membrane-derived photosystem I
GO:0030095	chloroplast photosystem II
GO:0030096	plasma membrane-derived thylakoid photosystem II
GO:0030117	membrane coat
GO:0030118	clathrin coat
GO:0030119	AP-type membrane coat adaptor complex
GO:0030120	vesicle coat
GO:0030121	AP-1 adaptor complex
GO:0030122	AP-2 adaptor complex
GO:0030123	AP-3 adaptor complex
GO:0030124	AP-4 adaptor complex
GO:0030125	clathrin vesicle coat
GO:0030126	COPI vesicle coat
GO:0030127	COPII vesicle coat
GO:0030128	clathrin coat of endocytic vesicle
GO:0030129	clathrin coat of synaptic vesicle
GO:0030130	clathrin coat of trans-Golgi network vesicle
GO:0030131	clathrin adaptor complex
GO:0030132	clathrin coat of coated pit
GO:0030232	insulin control element activator complex
GO:0030256	type I protein secretion system complex
GO:0030257	type III protein secretion system complex
GO:0030286	dynein complex
GO:0030289	protein phosphatase 4 complex
GO:0030314	junctional membrane complex
GO:0030386	ferredoxin:thioredoxin reductase complex
GO:0030526	granulocyte macrophage colony-stimulating factor receptor complex
GO:0030532	small nuclear ribonucleoprotein complex
GO:0030677	ribonuclease P complex
GO:0030678	mitochondrial ribonuclease P complex
GO:0030679	cyanelle ribonuclease P complex
GO:0030680	dimeric ribonuclease P complex
GO:0030681	multimeric ribonuclease P complex
GO:0030684	preribosome
GO:0030685	nucleolar preribosome
GO:0030686	90S preribosome
GO:0030687	preribosome, large subunit precursor
GO:0030688	preribosome, small subunit precursor
GO:0030689	Noc complex
GO:0030690	Noc1p-Noc2p complex
GO:0030691	Noc2p-Noc3p complex
GO:0030692	Noc4p-Nop14p complex
GO:0030700	glycine reductase complex
GO:0030869	RENT complex
GO:0030870	Mre11 complex
GO:0030876	interleukin-20 receptor complex
GO:0030877	beta-catenin destruction complex
GO:0030880	RNA polymerase complex
GO:0030891	VCB complex
GO:0030892	mitotic cohesin complex
GO:0030893	meiotic cohesin complex
GO:0030894	replisome
GO:0030895	apolipoprotein B mRNA editing enzyme complex
GO:0030896	checkpoint clamp complex
GO:0030897	HOPS complex
GO:0030904	retromer complex
GO:0030905	retromer, tubulation complex
GO:0030906	retromer, cargo-selective complex
GO:0030907	MBF transcription complex
GO:0030914	STAGA complex
GO:0030915	Smc5-Smc6 complex
GO:0030929	ADPG pyrophosphorylase complex
GO:0030930	homotetrameric ADPG pyrophosphorylase complex
GO:0030931	heterotetrameric ADPG pyrophosphorylase complex
GO:0030932	amyloplast ADPG pyrophosphorylase complex
GO:0030933	chloroplast ADPG pyrophosphorylase complex
GO:0030934	anchoring collagen complex
GO:0030935	sheet-forming collagen trimer
GO:0030936	transmembrane collagen trimer
GO:0030937	collagen type XVII trimer
GO:0030938	collagen type XVIII trimer
GO:0030956	glutamyl-tRNA(Gln) amidotransferase complex
GO:0030958	RITS complex
GO:0030964	NADH dehydrogenase complex
GO:0030988	high molecular weight kininogen receptor complex
GO:0030990	intraciliary transport particle
GO:0030991	intraciliary transport particle A
GO:0030992	intraciliary transport particle B
GO:0030993	axonemal heterotrimeric kinesin-II complex
GO:0031004	potassium ion-transporting ATPase complex
GO:0031009	plastid ADPG pyrophosphorylase complex
GO:0031010	ISWI-type complex
GO:0031011	Ino80 complex
GO:0031019	mitochondrial mRNA editing complex
GO:0031020	plastid mRNA editing complex
GO:0031026	glutamate synthase complex
GO:0031027	glutamate synthase complex (NADH)
GO:0031074	nucleocytoplasmic transport complex
GO:0031080	nuclear pore outer ring
GO:0031082	BLOC complex
GO:0031083	BLOC-1 complex
GO:0031084	BLOC-2 complex
GO:0031085	BLOC-3 complex
GO:0031105	septin complex
GO:0031201	SNARE complex
GO:0031205	endoplasmic reticulum Sec complex
GO:0031207	Sec62/Sec63 complex
GO:0031209	SCAR complex
GO:0031211	endoplasmic reticulum palmitoyltransferase complex
GO:0031213	RSF complex
GO:0031248	protein acetyltransferase complex
GO:0031250	anaerobic ribonucleoside-triphosphate reductase complex
GO:0031251	PAN complex
GO:0031261	DNA replication preinitiation complex
GO:0031262	Ndc80 complex
GO:0031264	death-inducing signaling complex
GO:0031265	CD95 death-inducing signaling complex
GO:0031266	TRAIL death-inducing signaling complex
GO:0031298	replication fork protection complex
GO:0031317	tripartite ATP-independent periplasmic transporter complex
GO:0031332	RNAi effector complex
GO:0031371	ubiquitin conjugating enzyme complex
GO:0031372	UBC13-MMS2 complex
GO:0031379	RNA-directed RNA polymerase complex
GO:0031380	nuclear RNA-directed RNA polymerase complex
GO:0031381	viral RNA-directed RNA polymerase complex
GO:0031387	MPF complex
GO:0031389	Rad17 RFC-like complex
GO:0031390	Ctf18 RFC-like complex
GO:0031391	Elg1 RFC-like complex
GO:0031395	bursicon neuropeptide hormone complex
GO:0031414	N-terminal protein acetyltransferase complex
GO:0031415	NatA complex
GO:0031416	NatB complex
GO:0031417	NatC complex
GO:0031421	invertasome
GO:0031422	RecQ family helicase-topoisomerase III complex
GO:0031428	box C/D snoRNP complex
GO:0031429	box H/ACA snoRNP complex
GO:0031431	Dbf4-dependent protein kinase complex
GO:0031436	BRCA1-BARD1 complex
GO:0031461	cullin-RING ubiquitin ligase complex
GO:0031462	Cul2-RING ubiquitin ligase complex
GO:0031463	Cul3-RING ubiquitin ligase complex
GO:0031464	Cul4A-RING E3 ubiquitin ligase complex
GO:0031465	Cul4B-RING E3 ubiquitin ligase complex
GO:0031466	Cul5-RING ubiquitin ligase complex
GO:0031467	Cul7-RING ubiquitin ligase complex
GO:0031474	myosin IV complex
GO:0031475	myosin V complex
GO:0031476	myosin VI complex
GO:0031477	myosin VII complex
GO:0031478	myosin VIII complex
GO:0031479	myosin IX complex
GO:0031480	myosin X complex
GO:0031481	myosin XI complex
GO:0031482	myosin XII complex
GO:0031483	myosin XIII complex
GO:0031484	myosin XIV complex
GO:0031485	myosin XV complex
GO:0031486	myosin XVI complex
GO:0031487	myosin XVII complex
GO:0031488	myosin XVIII complex
GO:0031499	TRAMP complex
GO:0031500	Tea1 cell-end complex
GO:0031501	mannosyltransferase complex
GO:0031502	dolichyl-phosphate-mannose-protein mannosyltransferase complex
GO:0031510	SUMO activating enzyme complex
GO:0031511	Mis6-Sim4 complex
GO:0031515	tRNA (m1A) methyltransferase complex
GO:0031518	CBF3 complex
GO:0031519	PcG protein complex
GO:0031521	spitzenkorper
GO:0031522	cell envelope Sec protein transport complex
GO:0031523	Myb complex
GO:0031533	mRNA cap methyltransferase complex
GO:0031560	cellular bud neck polarisome
GO:0031561	cellular bud tip polarisome
GO:0031562	hyphal tip polarisome
GO:0031563	mating projection tip polarisome
GO:0031588	nucleotide-activated protein kinase complex
GO:0031595	nuclear proteasome complex
GO:0031597	cytosolic proteasome complex
GO:0031598	nuclear proteasome regulatory particle
GO:0031600	cytosolic proteasome regulatory particle
GO:0031601	nuclear proteasome core complex
GO:0031603	cytosolic proteasome core complex
GO:0031604	nuclear proteasome core complex, alpha-subunit complex
GO:0031606	cytosolic proteasome core complex, alpha-subunit complex
GO:0031607	nuclear proteasome core complex, beta-subunit complex
GO:0031609	cytosolic proteasome core complex, beta-subunit complex
GO:0031610	nuclear proteasome regulatory particle, base subcomplex
GO:0031612	cytosolic proteasome regulatory particle, base subcomplex
GO:0031613	nuclear proteasome regulatory particle, lid subcomplex
GO:0031615	cytosolic proteasome regulatory particle, lid subcomplex
GO:0031617	NMS complex
GO:0031680	G-protein beta/gamma-subunit complex
GO:0031838	haptoglobin-hemoglobin complex
GO:0031897	Tic complex
GO:0031913	contractile vacuole pore
GO:0031931	TORC1 complex
GO:0031932	TORC2 complex
GO:0031941	filamentous actin
GO:0031942	i-AAA complex
GO:0032002	interleukin-28 receptor complex
GO:0032021	NELF complex
GO:0032039	integrator complex
GO:0032040	small-subunit processome
GO:0032044	DSIF complex
GO:0032045	guanyl-nucleotide exchange factor complex
GO:0032068	type IV site-specific deoxyribonuclease complex
GO:0032116	SMC loading complex
GO:0032133	chromosome passenger complex
GO:0032144	4-aminobutyrate transaminase complex
GO:0032151	mitotic septin complex
GO:0032152	meiotic septin complex
GO:0032221	Rpd3S/Clr6-CII complex
GO:0032281	AMPA glutamate receptor complex
GO:0032282	plastid acetyl-CoA carboxylase complex
GO:0032283	plastid acetate CoA-transferase complex
GO:0032284	plastid biotin carboxylase complex
GO:0032299	ribonuclease H2 complex
GO:0032300	mismatch repair complex
GO:0032301	MutSalpha complex
GO:0032302	MutSbeta complex
GO:0032311	angiogenin-PRI complex
GO:0032389	MutLalpha complex
GO:0032390	MutLbeta complex
GO:0032398	MHC class Ib protein complex
GO:0032444	activin responsive factor complex
GO:0032449	CBM complex
GO:0032476	decaprenyl diphosphate synthase complex
GO:0032477	homodimeric decaprenyl diphosphate synthase complex
GO:0032478	heterotetrameric decaprenyl diphosphate synthase complex
GO:0032517	SOD1-calcineurin complex
GO:0032545	CURI complex
GO:0032766	NHE3/E3KARP/ACTN4 complex
GO:0032777	Piccolo NuA4 histone acetyltransferase complex
GO:0032783	super elongation complex
GO:0032797	SMN complex
GO:0032798	Swi5-Sfr1 complex
GO:0032806	carboxy-terminal domain protein kinase complex
GO:0032807	DNA ligase IV complex
GO:0032865	ERMES complex
GO:0032921	sarcosine oxidase complex
GO:0032936	SREBP-SCAP complex
GO:0032937	SREBP-SCAP-Insig complex
GO:0032969	endosomal scaffold complex
GO:0032983	kainate selective glutamate receptor complex
GO:0032992	protein-carbohydrate complex
GO:0032993	protein-DNA complex
GO:0032994	protein-lipid complex
GO:0032996	Bcl3-Bcl10 complex
GO:0032997	Fc receptor complex
GO:0032998	Fc-epsilon receptor I complex
GO:0032999	Fc-alpha receptor I complex
GO:0033000	Fc-gamma receptor I complex
GO:0033001	Fc-gamma receptor III complex
GO:0033061	DNA recombinase mediator complex
GO:0033062	Rhp55-Rhp57 complex
GO:0033063	Rad51B-Rad51C-Rad51D-XRCC2 complex
GO:0033064	XRCC2-RAD51D complex
GO:0033065	Rad51C-XRCC3 complex
GO:0033066	Rad51B-Rad51C complex
GO:0033100	NuA3 histone acetyltransferase complex
GO:0033104	type VI protein secretion system complex
GO:0033167	ARC complex
GO:0033174	chloroplast proton-transporting ATP synthase complex, catalytic core CF(1)
GO:0033175	chloroplast proton-transporting ATP synthase complex, coupling factor CF(o)
GO:0033176	proton-transporting V-type ATPase complex
GO:0033177	proton-transporting two-sector ATPase complex, proton-transporting domain
GO:0033178	proton-transporting two-sector ATPase complex, catalytic domain
GO:0033179	proton-transporting V-type ATPase, V0 domain
GO:0033180	proton-transporting V-type ATPase, V1 domain
GO:0033181	plasma membrane proton-transporting V-type ATPase complex
GO:0033185	dolichol-phosphate-mannose synthase complex
GO:0033186	CAF-1 complex
GO:0033193	Lsd1/2 complex
GO:0033202	DNA helicase complex
GO:0033203	DNA helicase A complex
GO:0033254	vacuolar transporter chaperone complex
GO:0033255	SAS acetyltransferase complex
GO:0033256	I-kappaB/NF-kappaB complex
GO:0033257	Bcl3/NF-kappaB2 complex
GO:0033263	CORVET complex
GO:0033276	transcription factor TFTC complex
GO:0033281	TAT protein transport complex
GO:0033282	protein C inhibitor-acrosin complex
GO:0033290	eukaryotic 48S preinitiation complex
GO:0033291	eukaryotic 80S initiation complex
GO:0033309	SBF transcription complex
GO:0033503	HULC complex
GO:0033551	monopolin complex
GO:0033557	Slx1-Slx4 complex
GO:0033565	ESCRT-0 complex
GO:0033573	high-affinity iron permease complex
GO:0033588	Elongator holoenzyme complex
GO:0033593	BRCA2-MAGE-D1 complex
GO:0033596	TSC1-TSC2 complex
GO:0033597	mitotic checkpoint complex
GO:0033607	SOD1-Bcl-2 complex
GO:0033620	Mei2 nuclear dot complex
GO:0033698	Rpd3L complex
GO:0033768	SUMO-targeted ubiquitin ligase complex
GO:0034044	exomer complex
GO:0034064	Tor2-Mei2-Ste11 complex
GO:0034066	RIC1-RGP1 guanyl-nucleotide exchange factor complex
GO:0034081	polyketide synthase complex
GO:0034082	type II polyketide synthase complex
GO:0034083	type III polyketide synthase complex
GO:0034098	VCP-NPL4-UFD1 AAA ATPase complex
GO:0034099	luminal surveillance complex
GO:0034206	enhanceosome
GO:0034245	mitochondrial DNA-directed RNA polymerase complex
GO:0034270	Cvt complex
GO:0034271	phosphatidylinositol 3-kinase complex, class III, type I
GO:0034272	phosphatidylinositol 3-kinase complex, class III, type II
GO:0034274	Atg12-Atg5-Atg16 complex
GO:0034358	plasma lipoprotein particle
GO:0034359	mature chylomicron
GO:0034360	chylomicron remnant
GO:0034361	very-low-density lipoprotein particle
GO:0034362	low-density lipoprotein particle
GO:0034363	intermediate-density lipoprotein particle
GO:0034364	high-density lipoprotein particle
GO:0034365	discoidal high-density lipoprotein particle
GO:0034366	spherical high-density lipoprotein particle
GO:0034385	triglyceride-rich plasma lipoprotein particle
GO:0034388	Pwp2p-containing subcomplex of 90S preribosome
GO:0034424	Vps55/Vps68 complex
GO:0034448	EGO complex
GO:0034455	t-UTP complex
GO:0034456	UTP-C complex
GO:0034457	Mpp10 complex
GO:0034464	BBSome
GO:0034515	proteasome storage granule
GO:0034518	RNA cap binding complex
GO:0034519	cytoplasmic RNA cap binding complex
GO:0034615	GCH1 complex
GO:0034657	GID complex
GO:0034662	CFTR-NHERF-ezrin complex
GO:0034663	endoplasmic reticulum chaperone complex
GO:0034664	Ig heavy chain-bound endoplasmic reticulum chaperone complex
GO:0034665	integrin alpha1-beta1 complex
GO:0034666	integrin alpha2-beta1 complex
GO:0034667	integrin alpha3-beta1 complex
GO:0034668	integrin alpha4-beta1 complex
GO:0034669	integrin alpha4-beta7 complex
GO:0034673	inhibin-betaglycan-ActRII complex
GO:0034674	integrin alpha5-beta1 complex
GO:0034675	integrin alpha6-beta1 complex
GO:0034676	integrin alpha6-beta4 complex
GO:0034677	integrin alpha7-beta1 complex
GO:0034678	integrin alpha8-beta1 complex
GO:0034679	integrin alpha9-beta1 complex
GO:0034680	integrin alpha10-beta1 complex
GO:0034681	integrin alpha11-beta1 complex
GO:0034682	integrin alphav-beta1 complex
GO:0034683	integrin alphav-beta3 complex
GO:0034684	integrin alphav-beta5 complex
GO:0034685	integrin alphav-beta6 complex
GO:0034686	integrin alphav-beta8 complex
GO:0034687	integrin alphaL-beta2 complex
GO:0034688	integrin alphaM-beta2 complex
GO:0034689	integrin alphaX-beta2 complex
GO:0034690	integrin alphaD-beta2 complex
GO:0034691	integrin alphaE-beta7 complex
GO:0034692	E.F.G complex
GO:0034693	U11/U12 snRNP
GO:0034702	ion channel complex
GO:0034703	cation channel complex
GO:0034704	calcium channel complex
GO:0034705	potassium channel complex
GO:0034706	sodium channel complex
GO:0034707	chloride channel complex
GO:0034708	methyltransferase complex
GO:0034709	methylosome
GO:0034715	pICln-Sm protein complex
GO:0034716	Gemin3-Gemin4-Gemin5 complex
GO:0034717	Gemin6-Gemin7-unrip complex
GO:0034718	SMN-Gemin2 complex
GO:0034719	SMN-Sm protein complex
GO:0034730	SmD-containing SMN-Sm protein complex
GO:0034731	Lsm-containing SMN-Sm protein complex
GO:0034732	transcription factor TFIIIB-alpha complex
GO:0034733	transcription factor TFIIIB-beta complex
GO:0034734	transcription factor TFIIIC1 complex
GO:0034735	transcription factor TFIIIC2 complex
GO:0034740	TFIIIC-TOP1-SUB1 complex
GO:0034741	APC-tubulin-IQGAP1 complex
GO:0034743	APC-IQGAP complex
GO:0034744	APC-IQGAP1-Cdc42 complex
GO:0034745	APC-IQGAP1-Rac1 complex
GO:0034746	APC-IQGAP1-CLIP-170 complex
GO:0034748	Par3-APC-KIF3A complex
GO:0034749	Scrib-APC complex
GO:0034750	Scrib-APC-beta-catenin complex
GO:0034751	aryl hydrocarbon receptor complex
GO:0034752	cytosolic aryl hydrocarbon receptor complex
GO:0034753	nuclear aryl hydrocarbon receptor complex
GO:0034967	Set3 complex
GO:0034973	Sid2-Mob1 complex
GO:0034974	Swi5-Swi2 complex
GO:0034977	ABIN2-NFKB1-MAP3K8 complex
GO:0034978	PDX1-PBX1b-MRG1 complex
GO:0034980	FHL2-CREB complex
GO:0034981	FHL3-CREB complex
GO:0034985	Ecsit-NDUFAF1 complex
GO:0034990	nuclear mitotic cohesin complex
GO:0034991	nuclear meiotic cohesin complex
GO:0034993	meiotic nuclear membrane microtubule tethering complex
GO:0034995	SC5b-7 complex
GO:0034996	RasGAP-Fyn-Lyn-Yes complex
GO:0034997	alphav-beta5 integrin-vitronectin complex
GO:0034998	oligosaccharyltransferase I complex
GO:0034999	oligosaccharyltransferase II complex
GO:0035000	oligosaccharyltransferase III complex
GO:0035003	subapical complex
GO:0035032	phosphatidylinositol 3-kinase complex, class III
GO:0035059	RCAF complex
GO:0035060	brahma complex
GO:0035097	histone methyltransferase complex
GO:0035098	ESC/E(Z) complex
GO:0035101	FACT complex
GO:0035102	PRC1 complex
GO:0035145	exon-exon junction complex
GO:0035189	Rb-E2F complex
GO:0035267	NuA4 histone acetyltransferase complex
GO:0035301	Hedgehog signaling complex
GO:0035339	SPOTS complex
GO:0035354	Toll-like receptor 1-Toll-like receptor 2 protein complex
GO:0035355	Toll-like receptor 2-Toll-like receptor 6 protein complex
GO:0035361	Cul8-RING ubiquitin ligase complex
GO:0035369	pre-B cell receptor complex
GO:0035370	UBC13-UEV1A complex
GO:0035517	PR-DUB complex
GO:0035525	NF-kappaB p50/p65 complex
GO:0035550	urease complex
GO:0035631	CD40 receptor complex
GO:0035632	mitochondrial prohibitin complex
GO:0035649	Nrd1 complex
GO:0035657	eRF1 methyltransferase complex
GO:0035658	Mon1-Ccz1 complex
GO:0035692	macrophage migration inhibitory factor receptor complex
GO:0035693	NOS2-CD74 complex
GO:0035796	ATP-binding cassette (ABC) transporter complex, transmembrane substrate-binding subunit-containing
GO:0035808	meiotic recombination initiation complex
GO:0035859	Seh1-associated complex
GO:0035866	alphav-beta3 integrin-PKCalpha complex
GO:0035867	alphav-beta3 integrin-IGF-1-IGF1R complex
GO:0035868	alphav-beta3 integrin-HMGB1 complex
GO:0035976	transcription factor AP-1 complex
GO:0036024	protein C inhibitor-TMPRSS7 complex
GO:0036025	protein C inhibitor-TMPRSS11E complex
GO:0036026	protein C inhibitor-PLAT complex
GO:0036027	protein C inhibitor-PLAU complex
GO:0036028	protein C inhibitor-thrombin complex
GO:0036029	protein C inhibitor-KLK3 complex
GO:0036030	protein C inhibitor-plasma kallikrein complex
GO:0036038	MKS complex
GO:0036053	glomerular endothelium fenestra
GO:0036087	glutathione synthase complex
GO:0036125	fatty acid beta-oxidation multienzyme complex
GO:0036128	CatSper complex
GO:0036156	inner dynein arm
GO:0036157	outer dynein arm
GO:0036266	Cdc48p-Npl4p-Vms1p AAA ATPase complex
GO:0036284	tubulobulbar complex
GO:0036286	eisosome filament
GO:0036375	Kibra-Ex-Mer complex
GO:0036387	pre-replicative complex
GO:0036389	bacterial pre-replicative complex
GO:0036396	RNA N6-methyladenosine methyltransferase complex
GO:0036398	TCR signalosome
GO:0036409	histone H3-K14 acetyltransferase complex
GO:0036410	Mst2 histone acetyltransferase complex
GO:0036411	H-NS-Cnu complex
GO:0036436	Isw1a complex
GO:0036437	Isw1b complex
GO:0036452	ESCRT complex
GO:0036454	growth factor complex
GO:0036488	CHOP-C/EBP complex
GO:0036501	UFD1-NPL4 complex
GO:0036502	Derlin-1-VIMP complex
GO:0036513	Derlin-1 retrotranslocation complex
GO:0038037	G protein-coupled receptor dimeric complex
GO:0038038	G protein-coupled receptor homodimeric complex
GO:0038039	G protein-coupled receptor heterodimeric complex
GO:0038045	large latent transforming growth factor-beta complex
GO:0038059	IKKalpha-IKKalpha complex
GO:0038104	nodal receptor complex
GO:0038139	ERBB4-EGFR complex
GO:0038140	ERBB4-ERBB3 complex
GO:0038141	ERBB4-ERBB4 complex
GO:0038142	EGFR:ERBB2 complex
GO:0038143	ERBB3:ERBB2 complex
GO:0038144	ERBB4:ERBB2 complex
GO:0038197	type I interferon receptor complex
GO:0038201	TOR complex
GO:0039658	TBK1-IKKE-DDX3 complex
GO:0042022	interleukin-12 receptor complex
GO:0042101	T cell receptor complex
GO:0042105	alpha-beta T cell receptor complex
GO:0042106	gamma-delta T cell receptor complex
GO:0042272	nuclear RNA export factor complex
GO:0042385	myosin III complex
GO:0042555	MCM complex
GO:0042564	NLS-dependent protein nuclear import complex
GO:0042565	RNA nuclear export complex
GO:0042567	insulin-like growth factor ternary complex
GO:0042568	insulin-like growth factor binary complex
GO:0042571	immunoglobulin complex, circulating
GO:0042575	DNA polymerase complex
GO:0042611	MHC protein complex
GO:0042612	MHC class I protein complex
GO:0042613	MHC class II protein complex
GO:0042627	chylomicron
GO:0042642	actomyosin, myosin complex part
GO:0042652	mitochondrial respiratory chain complex I, peripheral segment
GO:0042653	mitochondrial respiratory chain complex I, membrane segment
GO:0042709	succinate-CoA ligase complex
GO:0042719	mitochondrial intermembrane space protein transporter complex
GO:0042720	mitochondrial inner membrane peptidase complex
GO:0042721	TIM22 mitochondrial import inner membrane insertion complex
GO:0042729	DASH complex
GO:0042765	GPI-anchor transamidase complex
GO:0042824	MHC class I peptide loading complex
GO:0042825	TAP complex
GO:0043020	NADPH oxidase complex
GO:0043033	isoamylase complex
GO:0043189	H4/H2A histone acetyltransferase complex
GO:0043190	ATP-binding cassette (ABC) transporter complex
GO:0043223	cytoplasmic SCF ubiquitin ligase complex
GO:0043224	nuclear SCF ubiquitin ligase complex
GO:0043235	receptor complex
GO:0043240	Fanconi anaemia nuclear complex
GO:0043256	laminin complex
GO:0043257	laminin-8 complex
GO:0043258	laminin-9 complex
GO:0043259	laminin-10 complex
GO:0043260	laminin-11 complex
GO:0043261	laminin-12 complex
GO:0043291	RAVE complex
GO:0043293	apoptosome
GO:0043294	mitochondrial glutamate synthase complex (NADH)
GO:0043384	pre-T cell receptor complex
GO:0043493	viral terminase complex
GO:0043494	CLRC complex
GO:0043505	CENP-A containing nucleosome
GO:0043509	activin A complex
GO:0043510	activin B complex
GO:0043511	inhibin complex
GO:0043512	inhibin A complex
GO:0043513	inhibin B complex
GO:0043514	interleukin-12 complex
GO:0043527	tRNA methyltransferase complex
GO:0043528	tRNA (m2G10) methyltransferase complex
GO:0043529	GET complex
GO:0043540	6-phosphofructo-2-kinase/fructose-2,6-biphosphatase complex
GO:0043541	UDP-N-acetylglucosamine transferase complex
GO:0043564	Ku70:Ku80 complex
GO:0043598	cytoplasmic DNA replication factor C complex
GO:0043599	nuclear DNA replication factor C complex
GO:0043600	cytoplasmic replisome
GO:0043601	nuclear replisome
GO:0043614	multi-eIF complex
GO:0043625	delta DNA polymerase complex
GO:0043626	PCNA complex
GO:0043684	type IV secretion system complex
GO:0043769	Tpg-containing telomere binding complex
GO:0043845	DNA polymerase III, proofreading complex
GO:0043846	DNA polymerase III, clamp loader complex
GO:0043847	DNA polymerase III, clamp loader chi/psi subcomplex
GO:0043850	RecFOR complex
GO:0043853	methanol-CoM methyltransferase complex
GO:0044207	translation initiation ternary complex
GO:0044391	ribosomal subunit
GO:0044530	supraspliceosomal complex
GO:0044545	NSL complex
GO:0044567	primary cell wall cellulose synthase complex
GO:0044568	secondary cell wall cellulose synthase complex
GO:0044569	[Ni-Fe] hydrogenase complex
GO:0044570	starch utilization system complex
GO:0044599	AP-5 adaptor complex
GO:0044609	DBIRD complex
GO:0044611	nuclear pore inner ring
GO:0044612	nuclear pore linkers
GO:0044613	nuclear pore central transport channel
GO:0044614	nuclear pore cytoplasmic filaments
GO:0044615	nuclear pore nuclear basket
GO:0044665	MLL1/2 complex
GO:0044666	MLL3/4 complex
GO:0044672	acetyl-CoA decarbonylase/synthase-carbon monoxide dehydrogenase complex
GO:0044673	7,8-didemethyl-8-hydroxy-5-deazariboflavin synthase complex
GO:0044674	methyl coenzyme M reductase complex
GO:0044675	formyl-methanofuran dehydrogenase (tungsten enzyme) complex
GO:0044676	formyl-methanofuran dehydrogenase (molybdenum enzyme) complex
GO:0044677	methyl-tetrahydromethanopterin:coenzyme M methyltransferase complex
GO:0044678	CoB-CoM heterodisulfide reductase complex
GO:0044679	methanophenazine reducing hydrogenase complex
GO:0044680	methylthiol:coenzyme M methyltransferase complex
GO:0044681	sulfopyruvate decarboxylase complex
GO:0044695	Dsc E3 ubiquitin ligase complex
GO:0044697	HICS complex
GO:0044731	Ost-alpha/Ost-beta complex
GO:0044775	DNA polymerase III, beta sliding clamp processivity factor complex
GO:0044776	DNA polymerase III, core complex
GO:0044777	single-stranded DNA-binding protein complex
GO:0044796	DNA polymerase processivity factor complex
GO:0044799	NarGHI complex
GO:0044815	DNA packaging complex
GO:0044816	Nsk1-Dlc1 complex
GO:0044834	retroviral intasome
GO:0045025	mitochondrial degradosome
GO:0045092	interleukin-18 receptor complex
GO:0045160	myosin I complex
GO:0045239	tricarboxylic acid cycle enzyme complex
GO:0045240	dihydrolipoyl dehydrogenase complex
GO:0045241	cytosolic alpha-ketoglutarate dehydrogenase complex
GO:0045242	isocitrate dehydrogenase complex (NAD+)
GO:0045243	cytosolic isocitrate dehydrogenase complex (NAD+)
GO:0045244	succinate-CoA ligase complex (GDP-forming)
GO:0045246	cytosolic tricarboxylic acid cycle enzyme complex
GO:0045247	cytosolic electron transfer flavoprotein complex
GO:0045248	cytosolic oxoglutarate dehydrogenase complex
GO:0045249	cytosol pyruvate dehydrogenase (lipoamide) phosphatase complex
GO:0045250	cytosolic pyruvate dehydrogenase complex
GO:0045251	electron transfer flavoprotein complex
GO:0045252	oxoglutarate dehydrogenase complex
GO:0045253	pyruvate dehydrogenase (lipoamide) phosphatase complex
GO:0045254	pyruvate dehydrogenase complex
GO:0045257	succinate dehydrogenase complex (ubiquinone)
GO:0045258	plasma membrane succinate dehydrogenase complex (ubiquinone)
GO:0045259	proton-transporting ATP synthase complex
GO:0045260	plasma membrane proton-transporting ATP synthase complex
GO:0045261	proton-transporting ATP synthase complex, catalytic core F(1)
GO:0045262	plasma membrane proton-transporting ATP synthase complex, catalytic core F(1)
GO:0045263	proton-transporting ATP synthase complex, coupling factor F(o)
GO:0045264	plasma membrane proton-transporting ATP synthase complex, coupling factor F(o)
GO:0045265	proton-transporting ATP synthase, stator stalk
GO:0045266	plasma membrane proton-transporting ATP synthase, stator stalk
GO:0045267	proton-transporting ATP synthase, catalytic core
GO:0045268	plasma membrane proton-transporting ATP synthase, catalytic core
GO:0045269	proton-transporting ATP synthase, central stalk
GO:0045270	plasma membrane proton-transporting ATP synthase, central stalk
GO:0045271	respiratory chain complex I
GO:0045272	plasma membrane respiratory chain complex I
GO:0045273	respiratory chain complex II
GO:0045274	plasma membrane respiratory chain complex II
GO:0045275	respiratory chain complex III
GO:0045276	plasma membrane respiratory chain complex III
GO:0045277	respiratory chain complex IV
GO:0045278	plasma membrane respiratory chain complex IV
GO:0045281	succinate dehydrogenase complex
GO:0045282	plasma membrane succinate dehydrogenase complex
GO:0045283	fumarate reductase complex
GO:0045284	plasma membrane fumarate reductase complex
GO:0045293	mRNA editing complex
GO:0045298	tubulin complex
GO:0045320	chloroplast proton-transporting ATP synthase complex
GO:0045323	interleukin-1 receptor complex
GO:0046536	dosage compensation complex
GO:0046540	U4/U6 x U5 tri-snRNP complex
GO:0046610	lysosomal proton-transporting V-type ATPase, V0 domain
GO:0046611	lysosomal proton-transporting V-type ATPase complex
GO:0046612	lysosomal proton-transporting V-type ATPase, V1 domain
GO:0046695	SLIK (SAGA-like) complex
GO:0046696	lipopolysaccharide receptor complex
GO:0046798	viral portal complex
GO:0046806	viral scaffold
GO:0046930	pore complex
GO:0048179	activin receptor complex
GO:0048180	activin complex
GO:0048183	activin AB complex
GO:0048188	Set1C/COMPASS complex
GO:0048189	Lid2 complex
GO:0048269	methionine adenosyltransferase complex
GO:0048476	Holliday junction resolvase complex
GO:0048492	ribulose bisphosphate carboxylase complex
GO:0048493	plasma membrane-derived thylakoid ribulose bisphosphate carboxylase complex
GO:0048494	chromatophore ribulose bisphosphate carboxylase complex
GO:0048500	signal recognition particle
GO:0048501	signal recognition particle, plasma membrane targeting
GO:0052718	tRNA-specific adenosine-34 deaminase complex
GO:0055029	nuclear DNA-directed RNA polymerase complex
GO:0055031	gamma-tubulin large complex, equatorial microtubule organizing center
GO:0055032	gamma-tubulin large complex, spindle pole body
GO:0055033	gamma-tubulin large complex, interphase microtubule organizing center
GO:0055051	ATP-binding cassette (ABC) transporter complex, integrated substrate binding
GO:0055052	ATP-binding cassette (ABC) transporter complex, substrate-binding subunit-containing
GO:0055087	Ski complex
GO:0060987	lipid tube
GO:0061494	gamma-tubulin large complex, mitotic spindle pole body
GO:0061495	gamma-tubulin small complex, mitotic spindle pole body
GO:0061574	ASAP complex
GO:0061576	acyl-CoA ceramide synthase complex
GO:0061617	MICOS complex
GO:0061671	Cbp3p-Cbp6 complex
GO:0061672	glutathione hydrolase complex
GO:0061694	alpha-D-ribose 1-methylphosphonate 5-triphosphate synthase complex
GO:0061695	transferase complex, transferring phosphorus-containing groups
GO:0061696	pituitary gonadotropin complex
GO:0061700	GATOR2 complex
GO:0061702	inflammasome complex
GO:0061703	pyroptosome complex
GO:0061742	chaperone-mediated autophagy translocation complex
GO:0061773	eNoSc complex
GO:0061779	Tapasin-ERp57 complex
GO:0061793	chromatin lock complex
GO:0061801	laminin-5B complex
GO:0061814	condensin I complex
GO:0061828	apical tubulobulbar complex
GO:0061829	basal tubulobulbar complex
GO:0061838	CENP-T-W-S-X complex
GO:0061841	high-affinity iron exporter complex
GO:0061852	retrograte transporter complex, Golgi to ER
GO:0061927	TOC-TIC supercomplex I
GO:0061957	NVT complex
GO:0061993	calcium:proton antiporter complex
GO:0062011	mitochondrial respiratory chain complex IV pre-assembly complex
GO:0062048	lymphotoxin complex
GO:0062049	protein phosphatase inhibitor complex
GO:0062051	lipopolysaccharide transport system
GO:0062071	Pi Mi complex
GO:0062073	histone mRNA stem-loop binding complex
GO:0062077	phenylacetyl-CoA 1,2-epoxidase complex
GO:0062079	ATG2-ATG18 complex
GO:0062091	Ycf2/FtsHi complex
GO:0062092	Yae1-Lto1 complex
GO:0062119	LinE complex
GO:0062128	MutSgamma complex
GO:0062136	low-density lipoprotein receptor complex
GO:0062137	cargo receptor complex
GO:0062141	nuclear exosome targeting complex
GO:0062151	catalase complex
GO:0062155	curli secretion complex
GO:0062157	mitochondrial ATP-gated potassium channel complex
GO:0062167	complement component C1q complex
GO:0062238	Smp focus
GO:0070014	sucrase-isomaltase complex
GO:0070017	alphav-beta3 integrin-thrombospondin complex
GO:0070021	transforming growth factor beta ligand-receptor complex
GO:0070023	interleukin-12-interleukin-12 receptor complex
GO:0070024	CD19-Vav-PIK3R1 complex
GO:0070029	alphav-beta3 integrin-osteopontin complex
GO:0070030	alphav-beta1 integrin-osteopontin complex
GO:0070031	alphav-beta5 integrin-osteopontin complex
GO:0070032	synaptobrevin 2-SNAP-25-syntaxin-1a-complexin I complex
GO:0070033	synaptobrevin 2-SNAP-25-syntaxin-1a-complexin II complex
GO:0070044	synaptobrevin 2-SNAP-25-syntaxin-1a complex
GO:0070045	synaptobrevin 2-SNAP-25-syntaxin-2 complex
GO:0070046	synaptobrevin 2-SNAP-25-syntaxin-3 complex
GO:0070047	synaptobrevin 2-SNAP-25-syntaxin-4 complex
GO:0070048	endobrevin-SNAP-25-syntaxin-1a complex
GO:0070049	endobrevin-SNAP-25-syntaxin-2 complex
GO:0070065	cellubrevin-VAMP4-syntaxin-16 complex
GO:0070066	cellubrevin-VAMP4-endobrevin-syntaxin-6 complex
GO:0070067	syntaxin-6-syntaxin-16-Vti1a complex
GO:0070068	VAMP4-syntaxin-6-syntaxin-16-Vti1a complex
GO:0070069	cytochrome complex
GO:0070110	ciliary neurotrophic factor receptor complex
GO:0070176	DRM complex
GO:0070187	shelterin complex
GO:0070195	growth hormone receptor complex
GO:0070209	ASTRA complex
GO:0070210	Rpd3L-Expanded complex
GO:0070211	Snt2C complex
GO:0070214	CSK-GAP-A.p62 complex
GO:0070264	transcription factor TFIIIE complex
GO:0070274	RES complex
GO:0070288	ferritin complex
GO:0070289	extracellular ferritin complex
GO:0070310	ATR-ATRIP complex
GO:0070311	nucleosomal methylation activator complex
GO:0070312	RAD52-ERCC4-ERCC1 complex
GO:0070313	RGS6-DNMT1-DMAP1 complex
GO:0070331	CD20-Lck-Fyn complex
GO:0070332	CD20-Lck-Lyn-Fyn complex
GO:0070333	alpha6-beta4 integrin-Shc-Grb2 complex
GO:0070334	alpha6-beta4 integrin-laminin 5 complex
GO:0070353	GATA1-TAL1-TCF3-Lmo2 complex
GO:0070354	GATA2-TAL1-TCF3-Lmo2 complex
GO:0070355	synaptotagmin-synaptobrevin 2-SNAP-25-syntaxin-1a-syntaxin-1b-Rab3a-complexin II complex
GO:0070356	synaptotagmin-synaptobrevin 2-SNAP-25-syntaxin-1a-syntaxin-1b-Rab3a complex
GO:0070357	alphav-beta3 integrin-CD47 complex
GO:0070369	beta-catenin-TCF7L2 complex
GO:0070385	egasyn-beta-glucuronidase complex
GO:0070386	procollagen-proline 4-dioxygenase complex, alpha(I) type
GO:0070387	procollagen-proline 4-dioxygenase complex, alpha(II) type
GO:0070388	procollagen-proline 4-dioxygenase complex, alpha(III) type
GO:0070390	transcription export complex 2
GO:0070418	DNA-dependent protein kinase complex
GO:0070419	nonhomologous end joining complex
GO:0070420	Ku-DNA ligase complex
GO:0070421	DNA ligase III-XRCC1 complex
GO:0070422	G-protein beta/gamma-Raf-1 complex
GO:0070435	Shc-EGFR complex
GO:0070436	Grb2-EGFR complex
GO:0070437	Grb2-Shc complex
GO:0070439	Mad-Max-mSin3A complex
GO:0070440	Mad-Max-mSin3B complex
GO:0070441	G-protein beta/gamma-Btk complex
GO:0070442	integrin alphaIIb-beta3 complex
GO:0070443	Mad-Max complex
GO:0070449	elongin complex
GO:0070450	interleukin4-interleukin-4 receptor complex
GO:0070461	SAGA-type complex
GO:0070464	alphav-beta3 integrin-collagen alpha3(VI) complex
GO:0070465	alpha1-beta1 integrin-alpha3(VI) complex
GO:0070466	alpha2-beta1 integrin-alpha3(VI) complex
GO:0070467	RC-1 DNA recombination complex
GO:0070514	SRF-myogenin-E12 complex
GO:0070515	alphaIIb-beta3 integrin-talin complex
GO:0070516	CAK-ERCC2 complex
GO:0070517	DNA replication factor C core complex
GO:0070518	alpha4-beta1 integrin-CD53 complex
GO:0070519	alpha4-beta1 integrin-CD63 complex
GO:0070520	alpha4-beta1 integrin-CD81 complex
GO:0070521	alpha4-beta1 integrin-CD82 complex
GO:0070522	ERCC4-ERCC1 complex
GO:0070531	BRCA1-A complex
GO:0070532	BRCA1-B complex
GO:0070533	BRCA1-C complex
GO:0070545	PeBoW complex
GO:0070552	BRISC complex
GO:0070554	synaptobrevin 2-SNAP-25-syntaxin-3-complexin complex
GO:0070556	TAF4B-containing transcription factor TFIID complex
GO:0070557	PCNA-p21 complex
GO:0070558	alphaM-beta2 integrin-CD63 complex
GO:0070559	lysosomal multienzyme complex
GO:0070565	telomere-telomerase complex
GO:0070578	RISC-loading complex
GO:0070603	SWI/SNF superfamily-type complex
GO:0070618	Grb2-Sos complex
GO:0070619	Shc-Grb2-Sos complex
GO:0070620	EGFR-Grb2-Sos complex
GO:0070621	EGFR-Shc-Grb2-Sos complex
GO:0070622	UDP-N-acetylglucosamine-lysosomal-enzyme N-acetylglucosaminephosphotransferase complex
GO:0070652	HAUS complex
GO:0070691	P-TEFb complex
GO:0070692	CTDK-1 complex
GO:0070693	P-TEFb-cap methyltransferase complex
GO:0070695	FHF complex
GO:0070718	alphaPDGFR-SHP-2 complex
GO:0070719	alphaPDGFR-PLC-gamma-1-PI3K-SHP-2 complex
GO:0070720	Grb2-SHP-2 complex
GO:0070721	ISGF3 complex
GO:0070722	Tle3-Aes complex
GO:0070724	BMP receptor complex
GO:0070743	interleukin-23 complex
GO:0070744	interleukin-27 complex
GO:0070745	interleukin-35 complex
GO:0070761	pre-snoRNP complex
GO:0070762	nuclear pore transmembrane ring
GO:0070763	Delta1 complex
GO:0070764	gamma-secretase-Delta1 complex
GO:0070765	gamma-secretase complex
GO:0070766	endobrevin-synaptobrevin 2-alpha-SNAP-NSF-syntaxin-4 complex
GO:0070767	BRCA1-Rad51 complex
GO:0070768	synaptotagmin-synaptobrevin 2-SNAP-25-syntaxin-1a-syntaxin-1b-Unc13 complex
GO:0070769	alphaIIb-beta3 integrin-CIB complex
GO:0070770	alphaIIb-beta3 integrin-CD47-FAK complex
GO:0070771	alphaIIb-beta3 integrin-CD47-Src complex
GO:0070772	PAS complex
GO:0070775	H3 histone acetyltransferase complex
GO:0070776	MOZ/MORF histone acetyltransferase complex
GO:0070822	Sin3-type complex
GO:0070823	HDA1 complex
GO:0070824	SHREC complex
GO:0070826	paraferritin complex
GO:0070847	core mediator complex
GO:0070850	TACC/TOG complex
GO:0070860	RNA polymerase I core factor complex
GO:0070864	sperm individualization complex
GO:0070876	SOSS complex
GO:0070877	microprocessor complex
GO:0070912	Ddb1-Ckn1 complex
GO:0070913	Ddb1-Wdr21 complex
GO:0070916	inositol phosphoceramide synthase complex
GO:0070937	CRD-mediated mRNA stability complex
GO:0070939	Dsl1/NZR complex
GO:0070985	transcription factor TFIIK complex
GO:0070992	translation initiation complex
GO:0070993	translation preinitiation complex
GO:0071001	U4/U6 snRNP
GO:0071002	U4atac/U6atac snRNP
GO:0071003	penta-snRNP complex
GO:0071004	U2-type prespliceosome
GO:0071005	U2-type precatalytic spliceosome
GO:0071006	U2-type catalytic step 1 spliceosome
GO:0071007	U2-type catalytic step 2 spliceosome
GO:0071008	U2-type post-mRNA release spliceosomal complex
GO:0071009	U4atac/U6atac x U5 tri-snRNP complex
GO:0071010	prespliceosome
GO:0071011	precatalytic spliceosome
GO:0071012	catalytic step 1 spliceosome
GO:0071013	catalytic step 2 spliceosome
GO:0071014	post-mRNA release spliceosomal complex
GO:0071015	U12-type prespliceosome
GO:0071016	U12-type precatalytic spliceosome
GO:0071017	U12-type catalytic step 1 spliceosome
GO:0071018	U12-type catalytic step 2 spliceosome
GO:0071019	U12-type post-mRNA release spliceosomal complex
GO:0071020	post-spliceosomal complex
GO:0071021	U2-type post-spliceosomal complex
GO:0071022	U12-type post-spliceosomal complex
GO:0071023	trans spliceosomal complex
GO:0071024	SL snRNP
GO:0071052	alpha9-beta1 integrin-ADAM1 complex
GO:0071053	alpha9-beta1 integrin-ADAM2 complex
GO:0071054	alpha9-beta1 integrin-ADAM3 complex
GO:0071055	alpha9-beta1 integrin-ADAM9 complex
GO:0071056	alpha9-beta1 integrin-ADAM15 complex
GO:0071057	alphav-beta3 integrin-ADAM15 complex
GO:0071058	alpha3-beta1 integrin-CD151 complex
GO:0071059	alpha6-beta1 integrin-CD151 complex
GO:0071060	alpha7-beta1 integrin-CD151 complex
GO:0071061	alpha6-beta4 integrin-CD151 complex
GO:0071062	alphav-beta3 integrin-vitronectin complex
GO:0071064	alphaE-beta7 integrin-E-cadherin complex
GO:0071065	alpha9-beta1 integrin-vascular cell adhesion molecule-1 complex
GO:0071067	alphav-beta3 integrin-ADAM23 complex
GO:0071068	alpha9-beta1 integrin-ADAM12 complex
GO:0071069	alpha4-beta1 integrin-thrombospondin-1 complex
GO:0071070	alpha4-beta1 integrin-thrombospondin-2 complex
GO:0071075	CUGBP1-eIF2 complex
GO:0071078	fibronectin-tissue transglutaminase complex
GO:0071079	alpha2-beta1 integrin-chondroadherin complex
GO:0071080	alpha3-beta1 integrin-basigin complex
GO:0071081	alpha3-beta1 integrin-CD63 complex
GO:0071082	alpha9-beta1 integrin-tenascin complex
GO:0071083	alphaV-beta3 integrin-CD47-FCER2 complex
GO:0071084	alpha2-beta1 integrin-CD47 complex
GO:0071085	alphaIIb-beta3 integrin-CD9 complex
GO:0071086	alphaIIb-beta3 integrin-CD9-CD47-platelet glycoprotein Ib complex
GO:0071087	alpha11-beta1 integrin-collagen type I complex
GO:0071088	alpha5-beta1 integrin-tissue transglutaminase complex
GO:0071089	alphaV-beta3 integrin-tissue transglutaminase complex
GO:0071090	alphaIIb-beta3 integrin-fibronectin-tissue transglutaminase complex
GO:0071091	alpha1-beta1 integrin-tissue transglutaminase complex
GO:0071092	alpha3-beta1 integrin-tissue transglutaminase complex
GO:0071093	alpha5-beta1 integrin-fibronectin-tissue transglutaminase complex
GO:0071094	alpha6-beta4 integrin-CD9 complex
GO:0071095	alpha3-beta1 integrin-thrombospondin complex
GO:0071096	alphaV-beta3 integrin-gelsolin complex
GO:0071097	alphaV-beta3 integrin-paxillin-Pyk2 complex
GO:0071098	alpha6-beta4 integrin-Fyn complex
GO:0071099	alphaV-beta6 integrin-TGFbeta-3 complex
GO:0071100	alphaV-beta8 integrin-MMP14-TGFbeta-1 complex
GO:0071101	alpha4-beta1 integrin-JAM2 complex
GO:0071102	alpha4-beta1 integrin-paxillin complex
GO:0071112	alpha4-beta4 integrin-EMILIN-1 complex
GO:0071113	alphaIIb-beta3 integrin-ICAM-4 complex
GO:0071114	alphaV-beta3 integrin-tumstatin complex
GO:0071115	alpha5-beta1 integrin-endostatin complex
GO:0071116	alpha6-beta1 integrin-CYR61 complex
GO:0071117	alpha5-beta1 integrin-fibronectin-NOV complex
GO:0071118	alphaV-beta3 integrin-NOV complex
GO:0071119	alpha7-beta1 integrin-nicotinamide riboside kinase complex
GO:0071120	alpha4-beta1 integrin-CD47 complex
GO:0071121	alpha9-beta1 integrin-VEGF-D complex
GO:0071122	alpha9-beta1 integrin-VEGF-A complex
GO:0071123	alpha9-beta1 integrin-VEGF-C complex
GO:0071124	alpha1-beta1 integrin-tyrosine-protein phosphatase non-receptor type 2 complex
GO:0071125	alphaV-beta3 integrin-EGFR complex
GO:0071126	alphaV-beta6 integrin-osteopontin complex
GO:0071127	alpha9-beta1 integrin-osteopontin complex
GO:0071128	alpha5-beta1 integrin-osteopontin complex
GO:0071129	alphaV-beta3 integrin-LPP3 complex
GO:0071130	alpha5-beta1 integrin-LPP3 complex
GO:0071131	alphaV-beta3 integrin-laminin alpha-4 complex
GO:0071132	alphaX-beta2 integrin-ICAM-4 complex
GO:0071133	alpha9-beta1 integrin-ADAM8 complex
GO:0071134	alpha9-beta1 integrin-thrombospondin-1 complex
GO:0071135	alpha7-beta1 integrin-focal adhesion kinase complex
GO:0071136	alpha7-beta1 integrin-laminin alpha-2 complex
GO:0071137	alphaV-beta3 integrin-CD98 complex
GO:0071138	alpha5-beta5-fibronectin-SFRP2 complex
GO:0071141	SMAD protein complex
GO:0071142	homomeric SMAD protein complex
GO:0071144	heteromeric SMAD protein complex
GO:0071147	TEAD-2 multiprotein complex
GO:0071148	TEAD-1-YAP complex
GO:0071149	TEAD-2-YAP complex
GO:0071150	TEAD-3-YAP complex
GO:0071151	TEAD-4-YAP complex
GO:0071152	G-protein alpha(q)-synembrin complex
GO:0071153	G-protein alpha(o)-synembrin complex
GO:0071154	G-protein alpha(i)1-synembrin complex
GO:0071155	G-protein alpha(13)-synembrin complex
GO:0071159	NF-kappaB complex
GO:0071162	CMG complex
GO:0071175	MAML2-RBP-Jkappa-ICN1 complex
GO:0071176	MAML2-RBP-Jkappa-ICN2 complex
GO:0071177	MAML2-RBP-Jkappa-ICN3 complex
GO:0071178	MAML2-RBP-Jkappa-ICN4 complex
GO:0071179	MAML3-RBP-Jkappa-ICN1 complex
GO:0071180	MAML3-RBP-Jkappa-ICN2 complex
GO:0071181	MAML3-RBP-Jkappa-ICN3 complex
GO:0071182	MAML3-RBP-Jkappa-ICN4 complex
GO:0071183	protocadherin-alpha-protocadherin-gamma complex
GO:0071184	protocadherin-alpha-v4-protocadherin-gamma-a1 complex
GO:0071185	protocadherin-alpha-v4-protocadherin-gamma-a3 complex
GO:0071186	protocadherin-alpha-v4-protocadherin-gamma-b2 complex
GO:0071187	protocadherin-alpha-v4-protocadherin-gamma-b4 complex
GO:0071188	protocadherin-alpha-v7-protocadherin-gamma-a1 complex
GO:0071189	protocadherin-alpha-v7-protocadherin-gamma-a3 complex
GO:0071190	protocadherin-alpha-v7-protocadherin-gamma-b2 complex
GO:0071191	protocadherin-alpha-v7-protocadherin-gamma-b4 complex
GO:0071192	Kv4.2-KChIP1 channel complex
GO:0071193	Kv4.2-KChIP2 channel complex
GO:0071194	Kv4.2-KChIP3 channel complex
GO:0071195	Kv4.2-KChIP4 channel complex
GO:0071196	Kv4.3-KChIP1 channel complex
GO:0071197	Kv4.2-Kv4.3 channel complex
GO:0071198	Kv4.1-DPP6 channel complex
GO:0071199	Kv4.1-DPP10 channel complex
GO:0071200	Kv4.2-DPP6 channel complex
GO:0071201	Kv4.3-DPP6 channel complex
GO:0071202	Kv4.3-DPP10 channel complex
GO:0071203	WASH complex
GO:0071254	cytoplasmic U snRNP body
GO:0071256	translocon complex
GO:0071261	Ssh1 translocon complex
GO:0071339	MLL1 complex
GO:0071439	clathrin complex
GO:0071513	phosphopantothenoylcysteine decarboxylase complex
GO:0071521	Cdc42 GTPase complex
GO:0071540	eukaryotic translation initiation factor 3 complex, eIF3e
GO:0071541	eukaryotic translation initiation factor 3 complex, eIF3m
GO:0071563	Myo2p-Vac17p-Vac8p transport complex
GO:0071564	npBAF complex
GO:0071565	nBAF complex
GO:0071595	Nem1-Spo7 phosphatase complex
GO:0071664	catenin-TCF7L2 complex
GO:0071665	gamma-catenin-TCF7L2 complex
GO:0071666	Slit-Robo signaling complex
GO:0071685	NADH dehydrogenase complex (plastoquinone)
GO:0071735	IgG immunoglobulin complex
GO:0071736	IgG immunoglobulin complex, circulating
GO:0071737	IgG B cell receptor complex
GO:0071738	IgD immunoglobulin complex
GO:0071739	IgD immunoglobulin complex, circulating
GO:0071740	IgD B cell receptor complex
GO:0071741	IgD immunoglobulin complex, GPI-anchored
GO:0071742	IgE immunoglobulin complex
GO:0071743	IgE immunoglobulin complex, circulating
GO:0071744	IgE B cell receptor complex
GO:0071745	IgA immunoglobulin complex
GO:0071746	IgA immunoglobulin complex, circulating
GO:0071747	IgA B cell receptor complex
GO:0071748	monomeric IgA immunoglobulin complex
GO:0071749	polymeric IgA immunoglobulin complex
GO:0071750	dimeric IgA immunoglobulin complex
GO:0071751	secretory IgA immunoglobulin complex
GO:0071752	secretory dimeric IgA immunoglobulin complex
GO:0071753	IgM immunoglobulin complex
GO:0071754	IgM immunoglobulin complex, circulating
GO:0071755	IgM B cell receptor complex
GO:0071756	pentameric IgM immunoglobulin complex
GO:0071757	hexameric IgM immunoglobulin complex
GO:0071758	IgW immunoglobulin complex
GO:0071759	IgX immunoglobulin complex
GO:0071760	IgY immunoglobulin complex
GO:0071761	IgZ immunoglobulin complex
GO:0071762	heavy chain immunoglobulin complex
GO:0071797	LUBAC complex
GO:0071817	MMXD complex
GO:0071818	BAT3 complex
GO:0071819	DUBm complex
GO:0071821	FANCM-MHF complex
GO:0071942	XPC complex
GO:0071943	Myc-Max complex
GO:0071986	Ragulator complex
GO:0072357	PTW/PP1 phosphatase complex
GO:0072379	ER membrane insertion complex
GO:0072380	TRC complex
GO:0072487	MSL complex
GO:0072536	interleukin-23 receptor complex
GO:0072546	ER membrane protein complex
GO:0072557	IPAF inflammasome complex
GO:0072558	NLRP1 inflammasome complex
GO:0072559	NLRP3 inflammasome complex
GO:0072588	box H/ACA RNP complex
GO:0072589	box H/ACA scaRNP complex
GO:0072669	tRNA-splicing ligase complex
GO:0080008	Cul4-RING E3 ubiquitin ligase complex
GO:0080085	signal recognition particle, chloroplast targeting
GO:0089701	U2AF complex
GO:0089713	Cbf1-Met4-Met28 complex
GO:0089716	Pip2-Oaf1 complex
GO:0090443	FAR/SIN/STRIPAK complex
GO:0090533	cation-transporting ATPase complex
GO:0090534	calcium ion-transporting ATPase complex
GO:0090535	WICH complex
GO:0090536	NoRC complex
GO:0090537	CERF complex
GO:0090545	CHD-type complex
GO:0090570	RNA polymerase I transcription repressor complex
GO:0090571	RNA polymerase II transcription repressor complex
GO:0090572	RNA polymerase III transcription repressor complex
GO:0090573	RNA polymerase IV transcription repressor complex
GO:0090574	RNA polymerase V transcription repressor complex
GO:0090575	RNA polymerase II transcription regulator complex
GO:0090576	RNA polymerase III transcription regulator complex
GO:0090577	RNA polymerase IV transcription regulator complex
GO:0090578	RNA polymerase V transcription regulator complex
GO:0090661	box H/ACA telomerase RNP complex
GO:0090665	glycoprotein complex
GO:0090694	Scc2-Scc4 cohesin loading complex
GO:0090695	Wpl/Pds5 cohesin loading/unloading complex
GO:0090730	Las1 complex
GO:0090733	tenascin complex
GO:0097025	MPP7-DLG1-LIN7 complex
GO:0097057	TRAF2-GSTP1 complex
GO:0097058	CRLF-CLCF1 complex
GO:0097059	CNTFR-CLCF1 complex
GO:0097071	interferon regulatory factor complex
GO:0097072	interferon regulatory factor 3 complex
GO:0097073	interferon regulatory factor 5 complex
GO:0097074	interferon regulatory factor 7 complex
GO:0097075	interferon regulatory factor 3-interferon regulatory factor 7 complex
GO:0097076	transforming growth factor beta activated kinase 1 complex
GO:0097078	FAL1-SGD1 complex
GO:0097085	interferon regulatory factor 3-interferon regulatory factor 5 complex
GO:0097121	cyclin A1-CDK1 complex
GO:0097122	cyclin A2-CDK1 complex
GO:0097123	cyclin A1-CDK2 complex
GO:0097124	cyclin A2-CDK2 complex
GO:0097125	cyclin B1-CDK1 complex
GO:0097126	cyclin B2-CDK1 complex
GO:0097127	cyclin B3-CDK2 complex
GO:0097128	cyclin D1-CDK4 complex
GO:0097129	cyclin D2-CDK4 complex
GO:0097130	cyclin D3-CDK4 complex
GO:0097131	cyclin D1-CDK6 complex
GO:0097132	cyclin D2-CDK6 complex
GO:0097133	cyclin D3-CDK6 complex
GO:0097134	cyclin E1-CDK2 complex
GO:0097135	cyclin E2-CDK2 complex
GO:0097136	Bcl-2 family protein complex
GO:0097137	BAD-BCL-xl complex
GO:0097138	BAD-BCL-2 complex
GO:0097139	BID-BCL-2 complex
GO:0097140	BIM-BCL-xl complex
GO:0097141	BIM-BCL-2 complex
GO:0097142	PUMA-BCL-2 complex
GO:0097143	PUMA-BCL-xl complex
GO:0097144	BAX complex
GO:0097145	BAK complex
GO:0097146	NOXA-BCL-xl complex
GO:0097147	NOXA-BCL-2 complex
GO:0097148	BCL-2 complex
GO:0097149	centralspindlin complex
GO:0097169	AIM2 inflammasome complex
GO:0097179	protease inhibitor complex
GO:0097180	serine protease inhibitor complex
GO:0097181	protein C inhibitor-coagulation factor V complex
GO:0097182	protein C inhibitor-coagulation factor Xa complex
GO:0097183	protein C inhibitor-coagulation factor XI complex
GO:0097196	Shu complex
GO:0097221	M/G1 phase-specific MADS box-forkhead transcription factor complex
GO:0097255	R2TP complex
GO:0097342	ripoptosome
GO:0097344	Rix1 complex
GO:0097346	INO80-type complex
GO:0097347	TAM protein secretion complex
GO:0097361	CIA complex
GO:0097362	MCM8-MCM9 complex
GO:0097373	MCM core complex
GO:0097452	GAIT complex
GO:0097495	H-NS-Hha complex
GO:0097505	Rad6-Rad18 complex
GO:0097519	DNA recombinase complex
GO:0097520	nucleotide-excision repair, preincision complex
GO:0097522	protein-DNA ISRE complex
GO:0097523	transcription ternary complex
GO:0097525	spliceosomal snRNP complex
GO:0097526	spliceosomal tri-snRNP complex
GO:0097537	Y-shaped link
GO:0097538	ciliary necklace
GO:0097539	ciliary transition fiber
GO:0097550	transcription preinitiation complex
GO:0097582	dolichyl-phosphate-mannose-protein mannosyltransferase Pmt1p-Pmt2p dimer complex
GO:0097583	dolichyl-phosphate-mannose-protein mannosyltransferase Pmt1p-Pmt3p dimer complex
GO:0097584	dolichyl-phosphate-mannose-protein mannosyltransferase Pmt5p-Pmt2p dimer complex
GO:0097585	dolichyl-phosphate-mannose-protein mannosyltransferase Pmt5p-Pmt3p dimer complex
GO:0097586	dolichyl-phosphate-mannose-protein mannosyltransferase Pmt4p homodimer complex
GO:0097587	MutLgamma complex
GO:0097619	PTEX complex
GO:0097648	G protein-coupled receptor complex
GO:0097651	phosphatidylinositol 3-kinase complex, class I
GO:0097652	phosphatidylinositol 3-kinase complex, class II
GO:0097654	platelet SNARE complex
GO:0097658	Asi complex
GO:0097660	SCF-Cdc4 ubiquitin ligase complex
GO:0097661	SCF-Ctf13 ubiquitin ligase complex
GO:0097662	SCF-Das1 ubiquitin ligase complex
GO:0097663	SCF-Dia2/Pof3 ubiquitin ligase complex
GO:0097664	SCF-Grr1/Pof2 ubiquitin ligase complex
GO:0097665	SCF-Mdm30 ubiquitin ligase complex
GO:0097666	SCF-Met30/Pof1 ubiquitin ligase complex
GO:0097667	SCF-Rcy1/Pof6 ubiquitin ligase complex
GO:0097668	SCF-Saf1/Pof9 ubiquitin ligase complex
GO:0097669	SCF-Skp2 ubiquitin ligase complex
GO:0097670	SCF-Ufo1/Pof10 ubiquitin ligase complex
GO:0097671	SCF-YDR131C ubiquitin ligase complex
GO:0097672	SCF-Pof5 ubiquitin ligase complex
GO:0097673	SCF-Ucc1 ubiquitin ligase complex
GO:0097674	SCF-YLR352W ubiquitin ligase complex
GO:0097675	SCF-Hrt3/Pof7 ubiquitin ligase complex
GO:0097710	viral terminase, small subunit
GO:0098009	viral terminase, large subunit
GO:0098046	type V protein secretion system complex
GO:0098533	ATPase dependent transmembrane transport complex
GO:0098561	methyl accepting chemotaxis protein complex
GO:0098635	protein complex involved in cell-cell adhesion
GO:0098636	protein complex involved in cell adhesion
GO:0098637	protein complex involved in cell-matrix adhesion
GO:0098642	network-forming collagen trimer
GO:0098651	basement membrane collagen trimer
GO:0098654	CENP-A recruiting complex
GO:0098665	serotonin receptor complex
GO:0098666	G protein-coupled serotonin receptor complex
GO:0098733	hemidesmosome associated protein complex
GO:0098745	Dcp1-Dcp2 complex
GO:0098774	curli
GO:0098796	membrane protein complex
GO:0098797	plasma membrane protein complex
GO:0098798	mitochondrial protein complex
GO:0098799	outer mitochondrial membrane protein complex
GO:0098800	inner mitochondrial membrane protein complex
GO:0098802	plasma membrane signaling receptor complex
GO:0098803	respiratory chain complex
GO:0098807	chloroplast thylakoid membrane protein complex
GO:0098820	trans-synaptic protein complex
GO:0098855	HCN channel complex
GO:0098878	neurotransmitter receptor complex
GO:0099023	vesicle tethering complex
GO:0099053	activating signal cointegrator 1 complex
GO:0099078	BORC complex
GO:0099125	PAK family kinase-Sog2 complex
GO:0099126	transforming growth factor beta complex
GO:0099128	mitochondrial iron-sulfur cluster assembly complex
GO:0101019	nucleolar exosome (RNase complex)
GO:0101031	chaperone complex
GO:0106002	mCRD-mediated mRNA stability complex
GO:0106003	amyloid-beta complex
GO:0106055	mannosyl-oligosaccharide 1,2-alpha-mannosidase complex
GO:0106068	SUMO ligase complex
GO:0106069	synapsis initiation complex
GO:0106083	nuclear membrane protein complex
GO:0106084	nuclear membrane mitotic spindle pole body tethering complex
GO:0106093	EDS1 disease-resistance complex
GO:0106094	nuclear membrane microtubule tethering complex
GO:0106098	NAGS/NAGK complex
GO:0106103	COPII vesicles tethering complex
GO:0106143	tRNA (m7G46) methyltransferase complex
GO:0106232	hydroxyisourate hydrolase complex
GO:0106234	outer membrane protein complex
GO:0106249	Nicalin-NOMO complex
GO:0110001	toxin-antitoxin complex
GO:0110016	B-WICH complex
GO:0110067	ammonium transmembrane transporter complex
GO:0110078	TTT complex
GO:0110103	RNA polymerase II termination complex
GO:0110115	Cdr2 medial cortical node complex
GO:0110129	SHREC2 complex
GO:0110131	Aim21-Tda2 complex
GO:0110142	ubiquinone biosynthesis complex
GO:0110157	reelin complex
GO:0110158	calpain complex
GO:0120097	glycosylphosphatidylinositol-mannosyltransferase II complex
GO:0120099	procentriole replication complex
GO:0120103	centriolar subdistal appendage
GO:0120114	Sm-like protein family complex
GO:0120115	Lsm2-8 complex
GO:0120123	ubiquitin activating enzyme complex
GO:0120124	membrane fusion priming complex
GO:0120125	PNGase complex
GO:0120155	MIH complex
GO:0120157	PAR polarity complex
GO:0120171	Cdc24p-Far1p-Gbetagamma complex
GO:0120216	matrilin complex
GO:0120217	DNA gyrase complex
GO:0120228	outer dynein arm docking complex
GO:0120231	DNA recombinase auxiliary factor complex
GO:0140007	KICSTOR complex
GO:0140020	DNA methyltransferase complex
GO:0140091	mBAF complex
GO:0140092	bBAF complex
GO:0140093	esBAF complex
GO:0140224	SLAC complex
GO:0140225	DNA topoisomerase III-beta-TDRD3 complex
GO:0140261	BCOR complex
GO:0140275	MIB complex
GO:0140288	GBAF complex
GO:0140366	galectin lattice
GO:0140368	decoy receptor complex
GO:0140451	counting factor complex
GO:0140497	mannan polymerase II complex
GO:0140498	mannan polymerase I complex
GO:0150005	enzyme activator complex
GO:0150006	urease activator complex
GO:0150056	amylin receptor complex 1
GO:0150057	amylin receptor complex 2
GO:0150058	amylin receptor complex 3
GO:1902493	acetyltransferase complex
GO:1902494	catalytic complex
GO:1902495	transmembrane transporter complex
GO:1902500	vacuolar HOPS complex
GO:1902501	lysosomal HOPS complex
GO:1902502	multivesicular body HOPS complex
GO:1902503	adenylyltransferase complex
GO:1902507	thiazole synthase complex
GO:1902508	2-iminoacetate synthase complex
GO:1902509	methionine-importing complex
GO:1902515	thioredoxin-disulfide reductase complex
GO:1902517	glycerol-3-phosphate-transporting ATPase complex
GO:1902554	serine/threonine protein kinase complex
GO:1902555	endoribonuclease complex
GO:1902556	phosphatidylinositol transporter complex
GO:1902560	GMP reductase complex
GO:1902562	H4 histone acetyltransferase complex
GO:1902687	glucosidase complex
GO:1902693	superoxide dismutase complex
GO:1902694	superoxide dismutase copper chaperone complex
GO:1902695	metallochaperone complex
GO:1902710	GABA receptor complex
GO:1902711	GABA-A receptor complex
GO:1902712	G protein-coupled GABA receptor complex
GO:1902773	GTPase activator complex
GO:1902792	pyrroline-5-carboxylate reductase complex
GO:1902793	glutamate decarboxylase complex
GO:1902911	protein kinase complex
GO:1902912	pyruvate kinase complex
GO:1902937	inward rectifier potassium channel complex
GO:1903095	ribonuclease III complex
GO:1903103	potassium:proton antiporter complex
GO:1903113	copper ion transmembrane transporter complex
GO:1903114	silver ion transmembrane transporter complex
GO:1903143	adrenomedullin receptor complex
GO:1903269	ornithine carbamoyltransferase inhibitor complex
GO:1903293	phosphatase complex
GO:1903439	calcitonin family receptor complex
GO:1903440	amylin receptor complex
GO:1903502	translation repressor complex
GO:1903503	ATPase inhibitor complex
GO:1903600	glutaminase complex
GO:1903767	sweet taste receptor complex
GO:1903768	taste receptor complex
GO:1903865	sigma factor antagonist complex
GO:1903958	nitric-oxide synthase complex
GO:1904090	peptidase inhibitor complex
GO:1904096	protein tyrosine phosphatase complex
GO:1904097	acid phosphatase complex
GO:1904144	phosphatidylinositol phosphate phosphatase complex
GO:1904176	carbon phosphorus lyase complex
GO:1904423	dehydrodolichyl diphosphate synthase complex
GO:1904564	Nbp35-Cfd1 ATPase complex
GO:1904602	serotonin-activated cation-selective channel complex
GO:1904852	trimethylamine-N-oxide reductase (cytochrome c) complex
GO:1904949	ATPase complex
GO:1904974	heparanase complex
GO:1905202	methylcrotonoyl-CoA carboxylase complex
GO:1905286	serine-type peptidase complex
GO:1905347	endodeoxyribonuclease complex
GO:1905348	endonuclease complex
GO:1905354	exoribonuclease complex
GO:1905360	GTPase complex
GO:1905368	peptidase complex
GO:1905369	endopeptidase complex
GO:1905370	serine-type endopeptidase complex
GO:1905379	beta-N-acetylhexosaminidase complex
GO:1905540	interleukin-7 receptor complex
GO:1905543	interleukin-15 receptor complex
GO:1905571	interleukin-10 receptor complex
GO:1905742	Ras guanyl-nucleotide exchange factor complex
GO:1905862	ferroxidase complex
GO:1905961	protein-cysteine S-palmitoyltransferase complex
GO:1990060	maltose transport complex
GO:1990061	bacterial degradosome
GO:1990062	RPAP3/R2TP/prefoldin-like complex
GO:1990063	Bam protein complex
GO:1990065	Dxr protein complex
GO:1990070	TRAPPI protein complex
GO:1990071	TRAPPII protein complex
GO:1990072	TRAPPIII protein complex
GO:1990077	primosome complex
GO:1990078	replication inhibiting complex
GO:1990082	DnaA-L2 complex
GO:1990083	DnaA-Hda complex
GO:1990084	DnaA-Dps complex
GO:1990085	Hda-beta clamp complex
GO:1990097	SeqA-DNA complex
GO:1990098	core primosome complex
GO:1990099	pre-primosome complex
GO:1990100	DnaB-DnaC complex
GO:1990101	DnaA-oriC complex
GO:1990102	DnaA-DiaA complex
GO:1990103	DnaA-HU complex
GO:1990104	DNA bending complex
GO:1990111	spermatoproteasome complex
GO:1990112	RQC complex
GO:1990121	H-NS complex
GO:1990124	messenger ribonucleoprotein complex
GO:1990125	DiaA complex
GO:1990130	GATOR1 complex
GO:1990131	Gtr1-Gtr2 GTPase complex
GO:1990133	molybdopterin cofactor (Moco) biosynthesis adenylyltransferase complex
GO:1990140	MPT synthase complex
GO:1990143	CoA-synthesizing protein complex
GO:1990148	glutamate dehydrogenase complex
GO:1990150	VEGF-A complex
GO:1990154	enzyme IIA-maltose transporter complex
GO:1990156	DnaB-DnaG complex
GO:1990157	DnaA-DnaB-DnaC complex
GO:1990158	DnaB-DnaC-DnaT-PriA-PriB complex
GO:1990159	DnaB-DnaC-DnaT-PriA-PriC complex
GO:1990160	DnaB-DnaC-Rep-PriC complex
GO:1990161	DnaB helicase complex
GO:1990176	MalFGK2 complex
GO:1990177	IHF-DNA complex
GO:1990178	HU-DNA complex
GO:1990184	amino acid transport complex
GO:1990191	cobalamin transport complex
GO:1990193	BtuCD complex
GO:1990195	macrolide transmembrane transporter complex
GO:1990196	MacAB-TolC complex
GO:1990197	ATP-dependent methionine-importing complex
GO:1990198	ModE complex
GO:1990199	MsbA transporter complex
GO:1990200	SsuD-SsuE complex
GO:1990201	alkanesulfonate monooxygenase complex
GO:1990202	FMN reductase complex
GO:1990203	MdtBC Complex
GO:1990204	oxidoreductase complex
GO:1990205	taurine dioxygenase complex
GO:1990207	EmrE multidrug transporter complex
GO:1990220	GroEL-GroES complex
GO:1990221	L-cysteine desulfurase complex
GO:1990222	ProVWX complex
GO:1990228	sulfurtransferase complex
GO:1990229	iron-sulfur cluster assembly complex
GO:1990230	iron-sulfur cluster transfer complex
GO:1990231	STING complex
GO:1990232	phosphomannomutase complex
GO:1990233	intramolecular phosphotransferase complex
GO:1990234	transferase complex
GO:1990235	diamine N-acetyltransferase complex
GO:1990243	atf1-pcr1 complex
GO:1990246	uniplex complex
GO:1990249	nucleotide-excision repair, DNA damage recognition complex
GO:1990250	transcription-coupled nucleotide-excision repair, DNA damage recognition complex
GO:1990252	Syp1 complex
GO:1990265	platelet-derived growth factor complex
GO:1990270	platelet-derived growth factor receptor-ligand complex
GO:1990281	efflux pump complex
GO:1990298	bub1-bub3 complex
GO:1990302	Bre1-Rad6 ubiquitin ligase complex
GO:1990303	UBR1-RAD6 ubiquitin ligase complex
GO:1990304	MUB1-RAD6-UBR2 ubiquitin ligase complex
GO:1990305	RAD6-UBR2 ubiquitin ligase complex
GO:1990306	RSP5-BUL ubiquitin ligase complex
GO:1990315	Mcs4 RR-MAPKKK complex
GO:1990316	Atg1/ULK1 kinase complex
GO:1990317	Gin4 complex
GO:1990318	collagen type XIX trimer
GO:1990319	collagen type XX trimer
GO:1990320	collagen type XXI trimer
GO:1990321	collagen type XXII trimer
GO:1990322	collagen type XXIII trimer
GO:1990323	collagen type XXIV trimer
GO:1990324	collagen type XXVI trimer
GO:1990325	collagen type XXVII trimer
GO:1990326	collagen type XXVIII trimer
GO:1990327	collagen type XXV trimer
GO:1990328	RPB4-RPB7 complex
GO:1990329	IscS-TusA complex
GO:1990330	IscS-IscU complex
GO:1990331	Hpa2 acetyltransferase complex
GO:1990332	Ire1 complex
GO:1990333	mitotic checkpoint complex, CDC20-MAD2 subcomplex
GO:1990334	Bfa1-Bub2 complex
GO:1990338	laminin-14 complex
GO:1990339	laminin-522 complex
GO:1990340	laminin-15 complex
GO:1990341	thrombospondin complex
GO:1990346	BID-BCL-xl complex
GO:1990350	glucose transporter complex
GO:1990351	transporter complex
GO:1990352	BRE1 E3 ubiquitin ligase complex
GO:1990353	Fused-Smurf ubiquitin ligase complex
GO:1990354	activated SUMO-E1 ligase complex
GO:1990356	sumoylated E2 ligase complex
GO:1990358	xylanosome
GO:1990360	PKM2 protein kinase complex
GO:1990361	PKM2 pyruvate kinase complex
GO:1990374	Kir2 inward rectifier potassium channel complex
GO:1990378	upstream stimulatory factor complex
GO:1990389	CUE1-UBC7 ubiquitin-conjugating enzyme complex
GO:1990391	DNA repair complex
GO:1990392	EFF-1 complex
GO:1990393	3M complex
GO:1990398	Cus cation efflux complex
GO:1990406	CGRP receptor complex
GO:1990415	Pex17p-Pex14p docking complex
GO:1990423	RZZ complex
GO:1990425	ryanodine receptor complex
GO:1990429	peroxisomal importomer complex
GO:1990433	CSL-Notch-Mastermind transcription factor complex
GO:1990452	Parkin-FBXW7-Cul1 ubiquitin ligase complex
GO:1990453	nucleosome disassembly/reassembly complex
GO:1990454	L-type voltage-gated calcium channel complex
GO:1990455	PTEN phosphatase complex
GO:1990463	lateral cortical node
GO:1990467	NuA3a histone acetyltransferase complex
GO:1990468	NuA3b histone acetyltransferase complex
GO:1990469	Rhino-Deadlock-Cutoff Complex
GO:1990477	NURS complex
GO:1990490	archaeal proton-transporting A-type ATPase complex
GO:1990499	raps-insc complex
GO:1990500	eif4e-cup complex
GO:1990501	exon-exon junction subcomplex mago-y14
GO:1990508	CKM complex
GO:1990509	PYM-mago-Y14 complex
GO:1990512	Cry-Per complex
GO:1990513	CLOCK-BMAL transcription complex
GO:1990520	separase-securin complex
GO:1990524	INA complex
GO:1990526	Ste12p-Dig1p-Dig2p complex
GO:1990527	Tec1p-Ste12p-Dig1p complex
GO:1990528	Rvs161p-Rvs167p complex
GO:1990529	glycosylphosphatidylinositol-mannosyltransferase I complex
GO:1990530	Cdc50p-Drs2p complex
GO:1990531	phospholipid-translocating ATPase complex
GO:1990533	Dom34-Hbs1 complex
GO:1990562	syndecan-syntenin-ALIX complex
GO:1990563	extracellular exosome complex
GO:1990565	HSP90-CDC37 chaperone complex
GO:1990566	I(KACh) inward rectifier potassium channel complex
GO:1990567	DPS complex
GO:1990572	TERT-RMRP complex
GO:1990584	cardiac Troponin complex
GO:1990586	divisome complex
GO:1990587	FtsQBL complex
GO:1990588	FtsBL complex
GO:1990589	ATF4-CREB1 transcription factor complex
GO:1990590	ATF1-ATF4 transcription factor complex
GO:1990597	AIP1-IRE1 complex
GO:1990604	IRE1-TRAF2-ASK1 complex
GO:1990612	Sad1-Kms1 LINC complex
GO:1990615	Kelch-containing formin regulatory complex
GO:1990617	CHOP-ATF4 complex
GO:1990620	ANPR-A receptor complex
GO:1990621	ESCRT IV complex
GO:1990622	CHOP-ATF3 complex
GO:1990629	phospholamban complex
GO:1990630	IRE1-RACK1-PP2A complex
GO:1990647	C/EBP complex
GO:1990657	iNOS-S100A8/A9 complex
GO:1990658	transnitrosylase complex
GO:1990660	calprotectin complex
GO:1990661	S100A8 complex
GO:1990662	S100A9 complex
GO:1990664	Nkx-2.5 complex
GO:1990665	AnxA2-p11 complex
GO:1990666	PCSK9-LDLR complex
GO:1990667	PCSK9-AnxA2 complex
GO:1990677	mitochondrial inner membrane assembly complex
GO:1990682	CSF1-CSF1R complex
GO:1990684	protein-lipid-RNA complex
GO:1990685	HDL-containing protein-lipid-RNA complex
GO:1990686	LDL-containing protein-lipid-RNA complex
GO:1990696	USH2 complex
GO:1990706	MAD1 complex
GO:1990710	MutS complex
GO:1990711	beta-catenin-ICAT complex
GO:1990712	HFE-transferrin receptor complex
GO:1990713	survivin complex
GO:1990722	DAPK1-calmodulin complex
GO:1990724	galectin complex
GO:1990726	Lsm1-7-Pat1 complex
GO:1990727	tubulin folding cofactor complex
GO:1990728	mitotic spindle assembly checkpoint MAD1-MAD2 complex
GO:1990730	VCP-NSFL1C complex
GO:1990733	titin-telethonin complex
GO:1990745	EARP complex
GO:1990777	lipoprotein particle
GO:1990779	glycoprotein Ib-IX-V complex
GO:1990788	GLI-SUFU complex
GO:1990811	MWP complex
GO:1990850	H-gal-GP complex
GO:1990851	Wnt-Frizzled-LRP5/6 complex
GO:1990860	Pho85-Pho80 CDK-cyclin complex
GO:1990861	Ubp3-Bre5 deubiquitination complex
GO:1990862	nuclear membrane complex Bqt3-Bqt4
GO:1990871	Vma12-Vma22 assembly complex
GO:1990877	Lst4-Lst7 complex
GO:1990879	CST complex
GO:1990904	ribonucleoprotein complex
GO:1990907	beta-catenin-TCF complex
GO:1990909	Wnt signalosome
GO:1990923	PET complex
GO:1990957	NPHP complex
GO:1990964	actin cytoskeleton-regulatory complex
GO:1990971	EMILIN complex
GO:1990972	multimerin complex
GO:0106095	m7G(5')pppN diphosphatase complex
GO:1990483	Clr6 histone deacetylase complex I
GO:0071204	histone pre-mRNA 3'end processing complex
